date,ticker,open,high,low,close
01/01/2023 22:00,USDJPY,130.783,130.783,130.747,130.752
01/01/2023 23:00,USDJPY,130.732,130.845,130.732,130.845
02/01/2023 00:00,USDJPY,130.86,131.037,130.811,130.92
02/01/2023 01:00,USDJPY,130.913,130.98,130.762,130.943
02/01/2023 02:00,USDJPY,130.949,131.175,130.823,131.02
02/01/2023 03:00,USDJPY,131.021,131.093,130.811,130.925
02/01/2023 04:00,USDJPY,130.928,130.963,130.791,130.914
02/01/2023 05:00,USDJPY,130.918,130.973,130.857,130.938
02/01/2023 06:00,USDJPY,130.936,130.995,130.824,130.967
02/01/2023 07:00,USDJPY,130.952,130.985,130.9,130.931
02/01/2023 08:00,USDJPY,130.954,130.967,130.9,130.924
02/01/2023 09:00,USDJPY,130.927,130.964,130.849,130.879
02/01/2023 10:00,USDJPY,130.864,130.879,130.746,130.783
02/01/2023 11:00,USDJPY,130.778,130.89,130.752,130.769
02/01/2023 12:00,USDJPY,130.764,130.806,130.69,130.736
02/01/2023 13:00,USDJPY,130.735,130.756,130.61,130.642
02/01/2023 14:00,USDJPY,130.637,130.778,130.624,130.702
02/01/2023 15:00,USDJPY,130.703,130.836,130.556,130.784
02/01/2023 16:00,USDJPY,130.772,130.837,130.631,130.745
02/01/2023 17:00,USDJPY,130.739,130.809,130.666,130.777
02/01/2023 18:00,USDJPY,130.772,130.803,130.652,130.787
02/01/2023 19:00,USDJPY,130.788,130.793,130.71,130.741
02/01/2023 20:00,USDJPY,130.724,130.745,130.679,130.72
02/01/2023 21:00,USDJPY,130.713,130.752,130.538,130.73
02/01/2023 22:00,USDJPY,130.731,130.875,130.613,130.738
02/01/2023 23:00,USDJPY,130.765,131.402,130.529,130.792
03/01/2023 00:00,USDJPY,130.789,130.907,130.56,130.607
03/01/2023 01:00,USDJPY,130.608,130.716,129.793,130.147
03/01/2023 02:00,USDJPY,130.148,130.306,129.77,129.92
03/01/2023 03:00,USDJPY,129.923,130.075,129.665,129.788
03/01/2023 04:00,USDJPY,129.789,129.803,129.495,129.593
03/01/2023 05:00,USDJPY,129.592,129.954,129.549,129.813
03/01/2023 06:00,USDJPY,129.815,130.171,129.61,129.842
03/01/2023 07:00,USDJPY,129.843,130.253,129.78,130.111
03/01/2023 08:00,USDJPY,130.107,130.959,130.091,130.778
03/01/2023 09:00,USDJPY,130.779,130.801,130.251,130.415
03/01/2023 10:00,USDJPY,130.413,130.734,130.359,130.692
03/01/2023 11:00,USDJPY,130.691,130.887,130.62,130.873
03/01/2023 12:00,USDJPY,130.875,131.201,130.829,130.974
03/01/2023 13:00,USDJPY,130.966,131.006,130.58,130.653
03/01/2023 14:00,USDJPY,130.655,130.794,130.047,130.184
03/01/2023 15:00,USDJPY,130.185,130.933,130.173,130.74
03/01/2023 16:00,USDJPY,130.74,131.107,130.62,130.835
03/01/2023 17:00,USDJPY,130.832,130.884,130.721,130.79
03/01/2023 18:00,USDJPY,130.793,130.815,130.59,130.622
03/01/2023 19:00,USDJPY,130.619,130.79,130.558,130.772
03/01/2023 20:00,USDJPY,130.78,130.964,130.748,130.959
03/01/2023 21:00,USDJPY,130.962,131.038,130.882,131.008
03/01/2023 22:00,USDJPY,131.03,131.06,130.951,130.994
03/01/2023 23:00,USDJPY,130.979,131.463,130.969,131.293
04/01/2023 00:00,USDJPY,131.295,131.308,130.816,131.016
04/01/2023 01:00,USDJPY,131.014,131.219,130.57,130.644
04/01/2023 02:00,USDJPY,130.644,130.935,130.625,130.815
04/01/2023 03:00,USDJPY,130.813,130.857,130.613,130.648
04/01/2023 04:00,USDJPY,130.649,130.951,130.639,130.826
04/01/2023 05:00,USDJPY,130.832,130.992,130.749,130.847
04/01/2023 06:00,USDJPY,130.848,130.877,130.678,130.723
04/01/2023 07:00,USDJPY,130.729,130.755,130.1,130.244
04/01/2023 08:00,USDJPY,130.247,130.527,129.91,130.504
04/01/2023 09:00,USDJPY,130.503,130.63,130.26,130.423
04/01/2023 10:00,USDJPY,130.422,130.572,130.41,130.426
04/01/2023 11:00,USDJPY,130.43,130.596,130.27,130.532
04/01/2023 12:00,USDJPY,130.531,130.978,130.513,130.834
04/01/2023 13:00,USDJPY,130.83,130.926,130.577,130.707
04/01/2023 14:00,USDJPY,130.711,131.126,130.696,131.001
04/01/2023 15:00,USDJPY,131.005,132.088,130.958,132.011
04/01/2023 16:00,USDJPY,132.01,132.2,131.93,132.001
04/01/2023 17:00,USDJPY,132.001,132.72,131.99,132.544
04/01/2023 18:00,USDJPY,132.548,132.6,132.38,132.475
04/01/2023 19:00,USDJPY,132.494,132.717,132.426,132.613
04/01/2023 20:00,USDJPY,132.614,132.691,132.48,132.681
04/01/2023 21:00,USDJPY,132.678,132.714,132.6,132.626
04/01/2023 22:00,USDJPY,132.624,132.632,132.318,132.372
04/01/2023 23:00,USDJPY,132.387,132.457,132.061,132.248
05/01/2023 00:00,USDJPY,132.246,132.327,131.808,131.878
05/01/2023 01:00,USDJPY,131.884,132.014,131.67,131.969
05/01/2023 02:00,USDJPY,131.971,132.2,131.91,131.98
05/01/2023 03:00,USDJPY,131.978,132.394,131.93,132.348
05/01/2023 04:00,USDJPY,132.349,132.426,132.178,132.307
05/01/2023 05:00,USDJPY,132.308,132.625,132.296,132.478
05/01/2023 06:00,USDJPY,132.482,132.573,132.24,132.438
05/01/2023 07:00,USDJPY,132.436,132.612,132.264,132.481
05/01/2023 08:00,USDJPY,132.481,132.903,132.428,132.59
05/01/2023 09:00,USDJPY,132.591,132.696,132.42,132.533
05/01/2023 10:00,USDJPY,132.531,132.64,132.377,132.481
05/01/2023 11:00,USDJPY,132.48,132.599,132.31,132.45
05/01/2023 12:00,USDJPY,132.454,132.766,132.38,132.759
05/01/2023 13:00,USDJPY,132.758,133.73,132.734,133.688
05/01/2023 14:00,USDJPY,133.684,133.786,133.466,133.744
05/01/2023 15:00,USDJPY,133.741,134.052,133.58,133.869
05/01/2023 16:00,USDJPY,133.868,133.915,133.46,133.577
05/01/2023 17:00,USDJPY,133.576,133.587,133.061,133.249
05/01/2023 18:00,USDJPY,133.244,133.329,132.951,133.118
05/01/2023 19:00,USDJPY,133.115,133.33,133.104,133.185
05/01/2023 20:00,USDJPY,133.188,133.368,133.182,133.364
05/01/2023 21:00,USDJPY,133.363,133.44,133.346,133.399
05/01/2023 22:00,USDJPY,133.401,133.439,133.332,133.409
05/01/2023 23:00,USDJPY,133.409,133.519,133.269,133.317
06/01/2023 00:00,USDJPY,133.321,133.64,133.302,133.535
06/01/2023 01:00,USDJPY,133.532,133.81,133.47,133.804
06/01/2023 02:00,USDJPY,133.805,133.825,133.572,133.64
06/01/2023 03:00,USDJPY,133.644,133.944,133.627,133.813
06/01/2023 04:00,USDJPY,133.815,133.924,133.77,133.911
06/01/2023 05:00,USDJPY,133.913,134.371,133.84,134.156
06/01/2023 06:00,USDJPY,134.159,134.196,133.96,134.024
06/01/2023 07:00,USDJPY,134.025,134.322,133.689,134.22
06/01/2023 08:00,USDJPY,134.224,134.443,134.149,134.346
06/01/2023 09:00,USDJPY,134.348,134.591,134.277,134.409
06/01/2023 10:00,USDJPY,134.41,134.411,134.217,134.359
06/01/2023 11:00,USDJPY,134.362,134.63,134.258,134.53
06/01/2023 12:00,USDJPY,134.529,134.688,134.45,134.672
06/01/2023 13:00,USDJPY,134.67,134.772,133.231,133.368
06/01/2023 14:00,USDJPY,133.374,134.104,133.25,134
06/01/2023 15:00,USDJPY,133.994,133.994,132.351,132.431
06/01/2023 16:00,USDJPY,132.432,132.545,132.18,132.208
06/01/2023 17:00,USDJPY,132.211,132.345,132.074,132.11
06/01/2023 18:00,USDJPY,132.107,132.22,132.045,132.097
06/01/2023 19:00,USDJPY,132.096,132.112,131.992,132.019
06/01/2023 20:00,USDJPY,132.033,132.13,132.022,132.094
06/01/2023 21:00,USDJPY,132.095,132.159,132.016,132.076
08/01/2023 22:00,USDJPY,131.904,132.13,131.904,132.123
08/01/2023 23:00,USDJPY,132.101,132.285,131.785,131.802
09/01/2023 00:00,USDJPY,131.807,132.112,131.706,131.828
09/01/2023 01:00,USDJPY,131.828,131.997,131.588,131.741
09/01/2023 02:00,USDJPY,131.741,131.784,131.34,131.349
09/01/2023 03:00,USDJPY,131.347,131.645,131.302,131.629
09/01/2023 04:00,USDJPY,131.625,131.727,131.527,131.699
09/01/2023 05:00,USDJPY,131.699,131.912,131.684,131.845
09/01/2023 06:00,USDJPY,131.843,131.944,131.712,131.803
09/01/2023 07:00,USDJPY,131.806,132.368,131.6,132.233
09/01/2023 08:00,USDJPY,132.23,132.272,131.989,132.147
09/01/2023 09:00,USDJPY,132.148,132.572,132.13,132.441
09/01/2023 10:00,USDJPY,132.438,132.655,132.363,132.622
09/01/2023 11:00,USDJPY,132.619,132.64,132.36,132.51
09/01/2023 12:00,USDJPY,132.507,132.517,132.124,132.284
09/01/2023 13:00,USDJPY,132.282,132.287,131.723,131.782
09/01/2023 14:00,USDJPY,131.783,132.068,131.683,131.878
09/01/2023 15:00,USDJPY,131.883,132.072,131.829,131.944
09/01/2023 16:00,USDJPY,131.948,131.955,131.552,131.578
09/01/2023 17:00,USDJPY,131.579,131.935,131.55,131.76
09/01/2023 18:00,USDJPY,131.762,131.881,131.67,131.849
09/01/2023 19:00,USDJPY,131.85,131.857,131.52,131.567
09/01/2023 20:00,USDJPY,131.566,131.878,131.563,131.79
09/01/2023 21:00,USDJPY,131.797,131.894,131.77,131.86
09/01/2023 22:00,USDJPY,131.877,131.95,131.746,131.879
09/01/2023 23:00,USDJPY,131.889,131.922,131.58,131.73
10/01/2023 00:00,USDJPY,131.729,132.223,131.67,131.702
10/01/2023 01:00,USDJPY,131.7,131.74,131.37,131.52
10/01/2023 02:00,USDJPY,131.517,131.902,131.485,131.793
10/01/2023 03:00,USDJPY,131.788,131.917,131.77,131.828
10/01/2023 04:00,USDJPY,131.829,132.025,131.81,131.987
10/01/2023 05:00,USDJPY,131.985,132.035,131.65,131.775
10/01/2023 06:00,USDJPY,131.774,132.005,131.729,131.916
10/01/2023 07:00,USDJPY,131.915,132.291,131.85,132.222
10/01/2023 08:00,USDJPY,132.218,132.228,131.728,131.836
10/01/2023 09:00,USDJPY,131.827,131.949,131.688,131.82
10/01/2023 10:00,USDJPY,131.823,132.01,131.812,131.975
10/01/2023 11:00,USDJPY,131.974,132.184,131.962,132.043
10/01/2023 12:00,USDJPY,132.045,132.444,132.038,132.387
10/01/2023 13:00,USDJPY,132.387,132.477,132.21,132.29
10/01/2023 14:00,USDJPY,132.288,132.288,131.72,132.01
10/01/2023 15:00,USDJPY,132.011,132.324,131.92,132.172
10/01/2023 16:00,USDJPY,132.173,132.346,132.069,132.255
10/01/2023 17:00,USDJPY,132.252,132.274,132.09,132.205
10/01/2023 18:00,USDJPY,132.208,132.305,132.145,132.26
10/01/2023 19:00,USDJPY,132.261,132.288,132.158,132.23
10/01/2023 20:00,USDJPY,132.231,132.25,132.15,132.233
10/01/2023 21:00,USDJPY,132.234,132.271,132.167,132.242
10/01/2023 22:00,USDJPY,132.25,132.26,131.963,132.189
10/01/2023 23:00,USDJPY,132.162,132.226,132.06,132.102
11/01/2023 00:00,USDJPY,132.102,132.362,132.089,132.26
11/01/2023 01:00,USDJPY,132.261,132.527,132.22,132.394
11/01/2023 02:00,USDJPY,132.395,132.58,132.32,132.557
11/01/2023 03:00,USDJPY,132.559,132.561,132.397,132.451
11/01/2023 04:00,USDJPY,132.453,132.501,132.264,132.271
11/01/2023 05:00,USDJPY,132.273,132.333,132.12,132.263
11/01/2023 06:00,USDJPY,132.259,132.357,132.158,132.316
11/01/2023 07:00,USDJPY,132.312,132.429,132.155,132.421
11/01/2023 08:00,USDJPY,132.418,132.724,132.384,132.681
11/01/2023 09:00,USDJPY,132.68,132.745,132.418,132.48
11/01/2023 10:00,USDJPY,132.479,132.53,132.31,132.494
11/01/2023 11:00,USDJPY,132.496,132.605,132.39,132.582
11/01/2023 12:00,USDJPY,132.579,132.873,132.569,132.772
11/01/2023 13:00,USDJPY,132.769,132.806,132.56,132.689
11/01/2023 14:00,USDJPY,132.689,132.749,132.46,132.526
11/01/2023 15:00,USDJPY,132.522,132.603,132.374,132.593
11/01/2023 16:00,USDJPY,132.593,132.601,132.4,132.581
11/01/2023 17:00,USDJPY,132.58,132.624,132.478,132.483
11/01/2023 18:00,USDJPY,132.486,132.703,132.275,132.325
11/01/2023 19:00,USDJPY,132.318,132.457,132.287,132.414
11/01/2023 20:00,USDJPY,132.41,132.53,132.387,132.53
11/01/2023 21:00,USDJPY,132.528,132.555,132.417,132.46
11/01/2023 22:00,USDJPY,132.469,132.513,132.357,132.415
11/01/2023 23:00,USDJPY,132.423,132.425,131.767,131.901
12/01/2023 00:00,USDJPY,131.902,132.036,131.526,131.907
12/01/2023 01:00,USDJPY,131.905,132.014,131.533,131.665
12/01/2023 02:00,USDJPY,131.666,131.809,131.462,131.619
12/01/2023 03:00,USDJPY,131.621,131.708,131.589,131.698
12/01/2023 04:00,USDJPY,131.697,131.811,131.377,131.444
12/01/2023 05:00,USDJPY,131.446,131.654,131.359,131.635
12/01/2023 06:00,USDJPY,131.637,131.75,131.506,131.72
12/01/2023 07:00,USDJPY,131.721,131.897,131.554,131.599
12/01/2023 08:00,USDJPY,131.6,131.774,131.565,131.69
12/01/2023 09:00,USDJPY,131.694,131.727,130.852,130.959
12/01/2023 10:00,USDJPY,130.954,131.167,130.904,131.007
12/01/2023 11:00,USDJPY,131.002,131.033,130.79,130.881
12/01/2023 12:00,USDJPY,130.882,130.882,130.62,130.682
12/01/2023 13:00,USDJPY,130.682,131.219,129.497,129.64
12/01/2023 14:00,USDJPY,129.639,130.785,129.55,130.601
12/01/2023 15:00,USDJPY,130.599,130.675,129.747,129.838
12/01/2023 16:00,USDJPY,129.837,129.942,129.58,129.759
12/01/2023 17:00,USDJPY,129.756,129.766,129.169,129.192
12/01/2023 18:00,USDJPY,129.197,129.272,128.86,129.16
12/01/2023 19:00,USDJPY,129.163,129.445,129.069,129.298
12/01/2023 20:00,USDJPY,129.294,129.43,129.177,129.195
12/01/2023 21:00,USDJPY,129.193,129.343,129.161,129.26
12/01/2023 22:00,USDJPY,129.287,129.381,129.132,129.299
12/01/2023 23:00,USDJPY,129.3,129.427,129.06,129.168
13/01/2023 00:00,USDJPY,129.171,129.294,128.632,129.216
13/01/2023 01:00,USDJPY,129.217,129.347,128.812,128.931
13/01/2023 02:00,USDJPY,128.93,129.286,128.92,129.165
13/01/2023 03:00,USDJPY,129.162,129.2,129.02,129.119
13/01/2023 04:00,USDJPY,129.117,129.245,129.002,129.211
13/01/2023 05:00,USDJPY,129.211,129.301,129.122,129.162
13/01/2023 06:00,USDJPY,129.164,129.168,128.398,128.55
13/01/2023 07:00,USDJPY,128.551,128.794,128.244,128.376
13/01/2023 08:00,USDJPY,128.378,128.59,128.1,128.332
13/01/2023 09:00,USDJPY,128.336,128.723,128.22,128.524
13/01/2023 10:00,USDJPY,128.521,128.557,128.267,128.366
13/01/2023 11:00,USDJPY,128.369,128.788,128.362,128.748
13/01/2023 12:00,USDJPY,128.749,128.83,128.52,128.534
13/01/2023 13:00,USDJPY,128.529,128.637,128.16,128.239
13/01/2023 14:00,USDJPY,128.236,128.326,127.661,127.698
13/01/2023 15:00,USDJPY,127.685,127.957,127.455,127.507
13/01/2023 16:00,USDJPY,127.508,127.977,127.47,127.857
13/01/2023 17:00,USDJPY,127.863,127.894,127.6,127.707
13/01/2023 18:00,USDJPY,127.708,127.882,127.66,127.854
13/01/2023 19:00,USDJPY,127.849,127.945,127.74,127.929
13/01/2023 20:00,USDJPY,127.931,127.934,127.84,127.883
13/01/2023 21:00,USDJPY,127.886,127.917,127.77,127.845
15/01/2023 22:00,USDJPY,127.754,127.798,127.721,127.763
15/01/2023 23:00,USDJPY,127.758,128.147,127.754,128.05
16/01/2023 00:00,USDJPY,128.049,128.2,127.792,127.856
16/01/2023 01:00,USDJPY,127.857,127.944,127.531,127.678
16/01/2023 02:00,USDJPY,127.679,127.728,127.218,127.366
16/01/2023 03:00,USDJPY,127.37,127.463,127.27,127.405
16/01/2023 04:00,USDJPY,127.4,127.734,127.32,127.664
16/01/2023 05:00,USDJPY,127.664,127.785,127.594,127.605
16/01/2023 06:00,USDJPY,127.606,128.134,127.573,127.976
16/01/2023 07:00,USDJPY,127.977,128.188,127.881,127.97
16/01/2023 08:00,USDJPY,127.967,128.863,127.89,128.717
16/01/2023 09:00,USDJPY,128.712,128.825,128.271,128.368
16/01/2023 10:00,USDJPY,128.369,128.541,128.28,128.39
16/01/2023 11:00,USDJPY,128.386,128.468,128.1,128.303
16/01/2023 12:00,USDJPY,128.304,128.484,128.233,128.428
16/01/2023 13:00,USDJPY,128.426,128.569,128.295,128.425
16/01/2023 14:00,USDJPY,128.427,128.527,128.36,128.47
16/01/2023 15:00,USDJPY,128.469,128.6,128.39,128.531
16/01/2023 16:00,USDJPY,128.535,128.68,128.427,128.583
16/01/2023 17:00,USDJPY,128.578,128.77,128.57,128.712
16/01/2023 18:00,USDJPY,128.711,128.73,128.571,128.589
16/01/2023 19:00,USDJPY,128.585,128.64,128.49,128.557
16/01/2023 20:00,USDJPY,128.561,128.61,128.504,128.541
16/01/2023 21:00,USDJPY,128.542,128.57,128.426,128.566
16/01/2023 22:00,USDJPY,128.572,128.609,128.4,128.435
16/01/2023 23:00,USDJPY,128.456,128.49,128.207,128.336
17/01/2023 00:00,USDJPY,128.338,128.563,128.31,128.406
17/01/2023 01:00,USDJPY,128.407,128.953,128.29,128.8
17/01/2023 02:00,USDJPY,128.812,129.16,128.661,128.988
17/01/2023 03:00,USDJPY,128.983,129.003,128.726,128.772
17/01/2023 04:00,USDJPY,128.773,128.823,128.61,128.67
17/01/2023 05:00,USDJPY,128.667,128.722,128.572,128.647
17/01/2023 06:00,USDJPY,128.645,128.963,128.52,128.92
17/01/2023 07:00,USDJPY,128.92,129.023,128.66,128.732
17/01/2023 08:00,USDJPY,128.725,128.763,128.376,128.458
17/01/2023 09:00,USDJPY,128.455,128.84,128.449,128.786
17/01/2023 10:00,USDJPY,128.783,129.121,128.625,128.878
17/01/2023 11:00,USDJPY,128.874,128.98,128.67,128.703
17/01/2023 12:00,USDJPY,128.706,128.796,128.31,128.552
17/01/2023 13:00,USDJPY,128.557,128.79,128.376,128.71
17/01/2023 14:00,USDJPY,128.707,128.717,128.239,128.292
17/01/2023 15:00,USDJPY,128.291,128.639,128.12,128.14
17/01/2023 16:00,USDJPY,128.141,128.287,127.986,128.179
17/01/2023 17:00,USDJPY,128.183,128.33,128.08,128.25
17/01/2023 18:00,USDJPY,128.247,128.415,128.21,128.396
17/01/2023 19:00,USDJPY,128.397,128.444,128.177,128.337
17/01/2023 20:00,USDJPY,128.336,128.347,128.167,128.205
17/01/2023 21:00,USDJPY,128.207,128.281,128.101,128.139
17/01/2023 22:00,USDJPY,128.124,128.24,128.08,128.214
17/01/2023 23:00,USDJPY,128.215,128.3,128.173,128.284
18/01/2023 00:00,USDJPY,128.281,128.905,128.21,128.842
18/01/2023 01:00,USDJPY,128.843,129.056,128.508,128.557
18/01/2023 02:00,USDJPY,128.559,130.806,128.367,130.535
18/01/2023 03:00,USDJPY,130.534,131.253,130.41,131.135
18/01/2023 04:00,USDJPY,131.137,131.576,131.08,131.331
18/01/2023 05:00,USDJPY,131.339,131.538,130.755,130.812
18/01/2023 06:00,USDJPY,130.815,131.23,130.524,130.728
18/01/2023 07:00,USDJPY,130.727,130.919,130.037,130.253
18/01/2023 08:00,USDJPY,130.25,130.316,129.6,129.663
18/01/2023 09:00,USDJPY,129.668,129.909,129.195,129.39
18/01/2023 10:00,USDJPY,129.389,129.582,129.055,129.18
18/01/2023 11:00,USDJPY,129.183,129.39,128.836,128.987
18/01/2023 12:00,USDJPY,128.984,129.24,128.88,129.08
18/01/2023 13:00,USDJPY,129.077,129.142,127.997,128.125
18/01/2023 14:00,USDJPY,128.121,128.29,127.56,128.127
18/01/2023 15:00,USDJPY,128.133,128.44,128.006,128.365
18/01/2023 16:00,USDJPY,128.364,128.611,128.219,128.464
18/01/2023 17:00,USDJPY,128.459,128.953,128.44,128.818
18/01/2023 18:00,USDJPY,128.815,128.847,128.6,128.776
18/01/2023 19:00,USDJPY,128.775,128.896,128.662,128.69
18/01/2023 20:00,USDJPY,128.691,128.866,128.68,128.864
18/01/2023 21:00,USDJPY,128.863,128.938,128.767,128.848
18/01/2023 22:00,USDJPY,128.909,128.95,128.591,128.76
18/01/2023 23:00,USDJPY,128.762,128.845,128.445,128.552
19/01/2023 00:00,USDJPY,128.554,128.606,128.277,128.425
19/01/2023 01:00,USDJPY,128.419,128.696,128.304,128.574
19/01/2023 02:00,USDJPY,128.573,128.635,128.36,128.429
19/01/2023 03:00,USDJPY,128.421,128.446,128.149,128.286
19/01/2023 04:00,USDJPY,128.287,128.296,127.9,128.031
19/01/2023 05:00,USDJPY,128.024,128.068,127.759,127.982
19/01/2023 06:00,USDJPY,127.983,128.032,127.759,127.956
19/01/2023 07:00,USDJPY,127.952,128.245,127.893,128.181
19/01/2023 08:00,USDJPY,128.179,128.34,128.08,128.193
19/01/2023 09:00,USDJPY,128.191,128.399,128.189,128.315
19/01/2023 10:00,USDJPY,128.317,128.667,128.304,128.503
19/01/2023 11:00,USDJPY,128.506,128.722,128.429,128.616
19/01/2023 12:00,USDJPY,128.605,128.658,128.36,128.627
19/01/2023 13:00,USDJPY,128.63,128.814,128.355,128.384
19/01/2023 14:00,USDJPY,128.386,128.494,128.23,128.345
19/01/2023 15:00,USDJPY,128.344,128.62,128.292,128.458
19/01/2023 16:00,USDJPY,128.458,128.592,128.407,128.488
19/01/2023 17:00,USDJPY,128.485,128.624,128.37,128.564
19/01/2023 18:00,USDJPY,128.563,128.628,128.39,128.44
19/01/2023 19:00,USDJPY,128.442,128.535,128.348,128.444
19/01/2023 20:00,USDJPY,128.447,128.478,128.296,128.432
19/01/2023 21:00,USDJPY,128.43,128.446,128.35,128.428
19/01/2023 22:00,USDJPY,128.427,128.461,128.336,128.408
19/01/2023 23:00,USDJPY,128.417,128.48,128.346,128.37
20/01/2023 00:00,USDJPY,128.37,128.685,128.339,128.631
20/01/2023 01:00,USDJPY,128.628,128.887,128.51,128.832
20/01/2023 02:00,USDJPY,128.835,128.891,128.724,128.756
20/01/2023 03:00,USDJPY,128.753,128.82,128.69,128.816
20/01/2023 04:00,USDJPY,128.817,129.124,128.813,129.049
20/01/2023 05:00,USDJPY,129.05,129.3,128.99,129.17
20/01/2023 06:00,USDJPY,129.169,129.183,129.02,129.167
20/01/2023 07:00,USDJPY,129.162,129.18,128.772,128.882
20/01/2023 08:00,USDJPY,128.886,129.256,128.72,129.222
20/01/2023 09:00,USDJPY,129.225,129.5,129.155,129.466
20/01/2023 10:00,USDJPY,129.462,129.733,129.159,129.627
20/01/2023 11:00,USDJPY,129.63,129.98,129.507,129.912
20/01/2023 12:00,USDJPY,129.917,130.29,129.85,130.111
20/01/2023 13:00,USDJPY,130.108,130.613,130.034,130.598
20/01/2023 14:00,USDJPY,130.605,130.612,130.14,130.218
20/01/2023 15:00,USDJPY,130.215,130.302,129.68,129.926
20/01/2023 16:00,USDJPY,129.925,129.984,129.71,129.975
20/01/2023 17:00,USDJPY,129.976,129.99,129.62,129.733
20/01/2023 18:00,USDJPY,129.735,129.796,129.478,129.609
20/01/2023 19:00,USDJPY,129.608,129.618,129.444,129.559
20/01/2023 20:00,USDJPY,129.56,129.604,129.48,129.58
20/01/2023 21:00,USDJPY,129.582,129.602,129.49,129.567
22/01/2023 22:00,USDJPY,129.472,129.585,129.472,129.566
22/01/2023 23:00,USDJPY,129.595,129.647,129.309,129.386
23/01/2023 00:00,USDJPY,129.385,129.53,129.243,129.275
23/01/2023 01:00,USDJPY,129.274,129.306,129.063,129.201
23/01/2023 02:00,USDJPY,129.2,129.253,129.092,129.183
23/01/2023 03:00,USDJPY,129.185,129.326,129.04,129.308
23/01/2023 04:00,USDJPY,129.307,129.745,129.304,129.584
23/01/2023 05:00,USDJPY,129.586,129.891,129.552,129.856
23/01/2023 06:00,USDJPY,129.852,130.171,129.818,130.086
23/01/2023 07:00,USDJPY,130.086,130.319,129.92,130.12
23/01/2023 08:00,USDJPY,130.124,130.151,129.615,129.716
23/01/2023 09:00,USDJPY,129.72,129.916,129.71,129.83
23/01/2023 10:00,USDJPY,129.833,130.042,129.7,130.038
23/01/2023 11:00,USDJPY,130.037,130.332,130.009,130.322
23/01/2023 12:00,USDJPY,130.321,130.46,130.11,130.23
23/01/2023 13:00,USDJPY,130.241,130.635,130.21,130.494
23/01/2023 14:00,USDJPY,130.493,130.887,130.471,130.63
23/01/2023 15:00,USDJPY,130.629,130.798,130.427,130.607
23/01/2023 16:00,USDJPY,130.614,130.712,130.43,130.695
23/01/2023 17:00,USDJPY,130.692,130.753,130.6,130.639
23/01/2023 18:00,USDJPY,130.645,130.678,130.552,130.65
23/01/2023 19:00,USDJPY,130.651,130.716,130.584,130.671
23/01/2023 20:00,USDJPY,130.67,130.714,130.605,130.692
23/01/2023 21:00,USDJPY,130.689,130.702,130.64,130.66
23/01/2023 22:00,USDJPY,130.63,130.661,130.534,130.589
23/01/2023 23:00,USDJPY,130.601,130.615,130.452,130.593
24/01/2023 00:00,USDJPY,130.597,130.729,130.25,130.391
24/01/2023 01:00,USDJPY,130.392,130.437,130.236,130.256
24/01/2023 02:00,USDJPY,130.255,130.423,130.139,130.313
24/01/2023 03:00,USDJPY,130.313,130.447,130.227,130.379
24/01/2023 04:00,USDJPY,130.38,130.444,130.18,130.288
24/01/2023 05:00,USDJPY,130.286,130.346,130.062,130.142
24/01/2023 06:00,USDJPY,130.146,130.178,130.03,130.051
24/01/2023 07:00,USDJPY,130.05,130.202,129.718,129.849
24/01/2023 08:00,USDJPY,129.857,130.155,129.761,130.014
24/01/2023 09:00,USDJPY,130.016,130.39,129.99,130.11
24/01/2023 10:00,USDJPY,130.109,130.275,130.04,130.142
24/01/2023 11:00,USDJPY,130.138,130.301,130.11,130.189
24/01/2023 12:00,USDJPY,130.192,130.334,130.14,130.267
24/01/2023 13:00,USDJPY,130.268,130.49,130.188,130.43
24/01/2023 14:00,USDJPY,130.429,131.115,130.33,131.067
24/01/2023 15:00,USDJPY,131.069,131.109,130.04,130.093
24/01/2023 16:00,USDJPY,130.089,130.242,129.864,130.078
24/01/2023 17:00,USDJPY,130.074,130.105,129.89,130.018
24/01/2023 18:00,USDJPY,130.017,130.09,129.96,130.088
24/01/2023 19:00,USDJPY,130.085,130.105,130.01,130.044
24/01/2023 20:00,USDJPY,130.047,130.154,130.01,130.152
24/01/2023 21:00,USDJPY,130.153,130.201,130.114,130.148
24/01/2023 22:00,USDJPY,130.161,130.201,130.134,130.15
24/01/2023 23:00,USDJPY,130.156,130.247,130.022,130.21
25/01/2023 00:00,USDJPY,130.212,130.465,130.199,130.334
25/01/2023 01:00,USDJPY,130.334,130.37,130.18,130.269
25/01/2023 02:00,USDJPY,130.267,130.33,130.105,130.315
25/01/2023 03:00,USDJPY,130.316,130.573,130.295,130.509
25/01/2023 04:00,USDJPY,130.509,130.582,130.34,130.446
25/01/2023 05:00,USDJPY,130.442,130.583,130.43,130.437
25/01/2023 06:00,USDJPY,130.442,130.485,130.297,130.391
25/01/2023 07:00,USDJPY,130.391,130.482,130.25,130.431
25/01/2023 08:00,USDJPY,130.43,130.492,130.159,130.242
25/01/2023 09:00,USDJPY,130.242,130.281,129.801,129.851
25/01/2023 10:00,USDJPY,129.848,130.103,129.803,129.983
25/01/2023 11:00,USDJPY,129.979,129.982,129.652,129.69
25/01/2023 12:00,USDJPY,129.693,129.855,129.554,129.7
25/01/2023 13:00,USDJPY,129.697,130.033,129.676,129.956
25/01/2023 14:00,USDJPY,129.958,130.003,129.61,129.696
25/01/2023 15:00,USDJPY,129.691,129.715,129.26,129.588
25/01/2023 16:00,USDJPY,129.588,129.945,129.55,129.643
25/01/2023 17:00,USDJPY,129.642,129.715,129.549,129.614
25/01/2023 18:00,USDJPY,129.616,129.631,129.41,129.533
25/01/2023 19:00,USDJPY,129.535,129.677,129.505,129.537
25/01/2023 20:00,USDJPY,129.534,129.648,129.497,129.596
25/01/2023 21:00,USDJPY,129.597,129.613,129.505,129.589
25/01/2023 22:00,USDJPY,129.595,129.619,129.393,129.504
25/01/2023 23:00,USDJPY,129.485,129.513,129.21,129.258
26/01/2023 00:00,USDJPY,129.255,129.38,129.1,129.216
26/01/2023 01:00,USDJPY,129.212,129.343,129.094,129.209
26/01/2023 02:00,USDJPY,129.213,129.588,129.13,129.386
26/01/2023 03:00,USDJPY,129.384,129.436,129.25,129.31
26/01/2023 04:00,USDJPY,129.312,129.321,129.01,129.238
26/01/2023 05:00,USDJPY,129.24,129.43,129.232,129.326
26/01/2023 06:00,USDJPY,129.327,129.407,129.196,129.337
26/01/2023 07:00,USDJPY,129.339,129.745,129.334,129.481
26/01/2023 08:00,USDJPY,129.482,129.868,129.478,129.807
26/01/2023 09:00,USDJPY,129.812,129.994,129.729,129.959
26/01/2023 10:00,USDJPY,129.954,130,129.62,129.677
26/01/2023 11:00,USDJPY,129.681,129.892,129.674,129.822
26/01/2023 12:00,USDJPY,129.823,130.014,129.64,129.754
26/01/2023 13:00,USDJPY,129.753,130.275,129.665,129.869
26/01/2023 14:00,USDJPY,129.867,130.384,129.69,130.311
26/01/2023 15:00,USDJPY,130.312,130.549,130.12,130.443
26/01/2023 16:00,USDJPY,130.444,130.617,130.31,130.397
26/01/2023 17:00,USDJPY,130.4,130.419,130.256,130.337
26/01/2023 18:00,USDJPY,130.336,130.336,130.046,130.151
26/01/2023 19:00,USDJPY,130.152,130.292,130.137,130.223
26/01/2023 20:00,USDJPY,130.224,130.295,130.192,130.245
26/01/2023 21:00,USDJPY,130.241,130.279,130.196,130.211
26/01/2023 22:00,USDJPY,130.209,130.24,130.059,130.15
26/01/2023 23:00,USDJPY,130.15,130.214,129.645,129.805
27/01/2023 00:00,USDJPY,129.804,129.886,129.49,129.635
27/01/2023 01:00,USDJPY,129.639,129.815,129.61,129.689
27/01/2023 02:00,USDJPY,129.69,129.778,129.599,129.763
27/01/2023 03:00,USDJPY,129.762,129.923,129.679,129.858
27/01/2023 04:00,USDJPY,129.856,130.154,129.856,130.021
27/01/2023 05:00,USDJPY,130.02,130.058,129.89,129.98
27/01/2023 06:00,USDJPY,129.978,130.27,129.818,130.18
27/01/2023 07:00,USDJPY,130.181,130.27,129.87,129.966
27/01/2023 08:00,USDJPY,129.957,130.002,129.7,129.905
27/01/2023 09:00,USDJPY,129.908,129.957,129.743,129.849
27/01/2023 10:00,USDJPY,129.853,129.869,129.659,129.825
27/01/2023 11:00,USDJPY,129.822,129.974,129.74,129.906
27/01/2023 12:00,USDJPY,129.909,129.996,129.8,129.87
27/01/2023 13:00,USDJPY,129.86,129.935,129.55,129.733
27/01/2023 14:00,USDJPY,129.734,130.068,129.637,129.881
27/01/2023 15:00,USDJPY,129.882,130.042,129.77,129.979
27/01/2023 16:00,USDJPY,129.979,129.993,129.789,129.94
27/01/2023 17:00,USDJPY,129.937,129.957,129.819,129.913
27/01/2023 18:00,USDJPY,129.914,129.951,129.867,129.918
27/01/2023 19:00,USDJPY,129.916,129.94,129.867,129.907
27/01/2023 20:00,USDJPY,129.908,129.928,129.852,129.877
27/01/2023 21:00,USDJPY,129.878,129.891,129.776,129.809
29/01/2023 22:00,USDJPY,129.644,129.849,129.644,129.805
29/01/2023 23:00,USDJPY,129.81,129.89,129.729,129.833
30/01/2023 00:00,USDJPY,129.833,130.136,129.831,130.085
30/01/2023 01:00,USDJPY,130.084,130.29,130.048,130.226
30/01/2023 02:00,USDJPY,130.225,130.268,130.021,130.071
30/01/2023 03:00,USDJPY,130.075,130.141,129.909,129.913
30/01/2023 04:00,USDJPY,129.912,129.932,129.199,129.48
30/01/2023 05:00,USDJPY,129.477,129.747,129.401,129.637
30/01/2023 06:00,USDJPY,129.635,129.649,129.45,129.588
30/01/2023 07:00,USDJPY,129.588,129.679,129.408,129.58
30/01/2023 08:00,USDJPY,129.584,130.19,129.582,130.124
30/01/2023 09:00,USDJPY,130.125,130.143,129.892,129.969
30/01/2023 10:00,USDJPY,129.968,129.991,129.84,129.865
30/01/2023 11:00,USDJPY,129.861,130.259,129.86,130.172
30/01/2023 12:00,USDJPY,130.173,130.2,129.999,130.071
30/01/2023 13:00,USDJPY,130.07,130.208,129.962,130.136
30/01/2023 14:00,USDJPY,130.133,130.35,130.08,130.264
30/01/2023 15:00,USDJPY,130.265,130.4,130.175,130.311
30/01/2023 16:00,USDJPY,130.317,130.48,130.29,130.349
30/01/2023 17:00,USDJPY,130.346,130.417,130.306,130.411
30/01/2023 18:00,USDJPY,130.415,130.49,130.343,130.423
30/01/2023 19:00,USDJPY,130.422,130.61,130.397,130.557
30/01/2023 20:00,USDJPY,130.555,130.558,130.42,130.463
30/01/2023 21:00,USDJPY,130.463,130.469,130.4,130.44
30/01/2023 22:00,USDJPY,130.417,130.446,130.343,130.378
30/01/2023 23:00,USDJPY,130.367,130.533,130.35,130.481
31/01/2023 00:00,USDJPY,130.487,130.506,130.268,130.299
31/01/2023 01:00,USDJPY,130.301,130.31,130.1,130.13
31/01/2023 02:00,USDJPY,130.133,130.201,130.059,130.182
31/01/2023 03:00,USDJPY,130.181,130.266,130.14,130.243
31/01/2023 04:00,USDJPY,130.243,130.404,130.163,130.312
31/01/2023 05:00,USDJPY,130.311,130.35,130.133,130.184
31/01/2023 06:00,USDJPY,130.183,130.29,130.14,130.253
31/01/2023 07:00,USDJPY,130.248,130.309,130.037,130.147
31/01/2023 08:00,USDJPY,130.148,130.406,130.071,130.387
31/01/2023 09:00,USDJPY,130.386,130.432,130.228,130.39
31/01/2023 10:00,USDJPY,130.391,130.484,130.33,130.396
31/01/2023 11:00,USDJPY,130.393,130.47,130.31,130.434
31/01/2023 12:00,USDJPY,130.435,130.496,130.33,130.434
31/01/2023 13:00,USDJPY,130.43,130.442,129.798,129.89
31/01/2023 14:00,USDJPY,129.891,129.974,129.76,129.842
31/01/2023 15:00,USDJPY,129.84,130.219,129.73,130.037
31/01/2023 16:00,USDJPY,130.033,130.23,130,130.177
31/01/2023 17:00,USDJPY,130.175,130.37,130.17,130.192
31/01/2023 18:00,USDJPY,130.195,130.232,130.09,130.137
31/01/2023 19:00,USDJPY,130.138,130.205,130.05,130.175
31/01/2023 20:00,USDJPY,130.161,130.24,130.12,130.135
31/01/2023 21:00,USDJPY,130.134,130.192,130.076,130.101
31/01/2023 22:00,USDJPY,130.106,130.106,129.974,130.086
31/01/2023 23:00,USDJPY,130.093,130.133,130.03,130.112
01/02/2023 00:00,USDJPY,130.113,130.203,129.858,129.922
01/02/2023 01:00,USDJPY,129.923,130.023,129.87,130.017
01/02/2023 02:00,USDJPY,130.016,130.114,129.984,130.017
01/02/2023 03:00,USDJPY,130.022,130.07,129.978,130.011
01/02/2023 04:00,USDJPY,130.012,130.272,130.004,130.255
01/02/2023 05:00,USDJPY,130.254,130.324,130.199,130.292
01/02/2023 06:00,USDJPY,130.291,130.328,130.187,130.274
01/02/2023 07:00,USDJPY,130.271,130.42,130.143,130.176
01/02/2023 08:00,USDJPY,130.173,130.24,129.92,129.943
01/02/2023 09:00,USDJPY,129.941,129.981,129.796,129.876
01/02/2023 10:00,USDJPY,129.873,129.965,129.77,129.823
01/02/2023 11:00,USDJPY,129.825,129.87,129.7,129.805
01/02/2023 12:00,USDJPY,129.806,129.87,129.663,129.849
01/02/2023 13:00,USDJPY,129.845,129.858,129.3,129.378
01/02/2023 14:00,USDJPY,129.376,129.541,129.293,129.313
01/02/2023 15:00,USDJPY,129.316,129.68,129.18,129.25
01/02/2023 16:00,USDJPY,129.252,129.365,129.223,129.272
01/02/2023 17:00,USDJPY,129.273,129.332,129.221,129.234
01/02/2023 18:00,USDJPY,129.23,129.455,129.227,129.327
01/02/2023 19:00,USDJPY,129.33,129.874,128.54,128.76
01/02/2023 20:00,USDJPY,128.758,129.153,128.648,128.827
01/02/2023 21:00,USDJPY,128.824,129.073,128.761,128.947
01/02/2023 22:00,USDJPY,128.953,128.97,128.716,128.925
01/02/2023 23:00,USDJPY,128.905,128.927,128.41,128.596
02/02/2023 00:00,USDJPY,128.605,128.628,128.165,128.448
02/02/2023 01:00,USDJPY,128.456,128.763,128.42,128.605
02/02/2023 02:00,USDJPY,128.604,128.642,128.49,128.524
02/02/2023 03:00,USDJPY,128.521,128.628,128.446,128.606
02/02/2023 04:00,USDJPY,128.607,128.616,128.38,128.449
02/02/2023 05:00,USDJPY,128.445,128.612,128.39,128.6
02/02/2023 06:00,USDJPY,128.601,128.788,128.55,128.665
02/02/2023 07:00,USDJPY,128.661,128.71,128.53,128.656
02/02/2023 08:00,USDJPY,128.655,129.133,128.55,128.89
02/02/2023 09:00,USDJPY,128.89,129.114,128.8,128.922
02/02/2023 10:00,USDJPY,128.921,129.01,128.838,128.91
02/02/2023 11:00,USDJPY,128.903,128.92,128.676,128.723
02/02/2023 12:00,USDJPY,128.724,128.81,128.298,128.406
02/02/2023 13:00,USDJPY,128.404,128.486,128.07,128.418
02/02/2023 14:00,USDJPY,128.417,128.766,128.08,128.678
02/02/2023 15:00,USDJPY,128.685,128.911,128.345,128.415
02/02/2023 16:00,USDJPY,128.417,128.552,128.24,128.454
02/02/2023 17:00,USDJPY,128.447,128.535,128.3,128.486
02/02/2023 18:00,USDJPY,128.486,128.593,128.41,128.524
02/02/2023 19:00,USDJPY,128.528,128.676,128.47,128.636
02/02/2023 20:00,USDJPY,128.635,128.764,128.618,128.746
02/02/2023 21:00,USDJPY,128.748,128.755,128.564,128.564
02/02/2023 22:00,USDJPY,128.706,128.706,128.452,128.613
02/02/2023 23:00,USDJPY,128.65,128.768,128.598,128.757
03/02/2023 00:00,USDJPY,128.767,128.827,128.526,128.621
03/02/2023 01:00,USDJPY,128.625,128.788,128.566,128.709
03/02/2023 02:00,USDJPY,128.708,128.712,128.535,128.571
03/02/2023 03:00,USDJPY,128.57,128.588,128.444,128.558
03/02/2023 04:00,USDJPY,128.557,128.609,128.505,128.529
03/02/2023 05:00,USDJPY,128.53,128.67,128.49,128.606
03/02/2023 06:00,USDJPY,128.609,128.655,128.53,128.558
03/02/2023 07:00,USDJPY,128.553,128.694,128.474,128.608
03/02/2023 08:00,USDJPY,128.61,128.73,128.58,128.707
03/02/2023 09:00,USDJPY,128.708,128.71,128.54,128.558
03/02/2023 10:00,USDJPY,128.557,128.62,128.42,128.471
03/02/2023 11:00,USDJPY,128.468,128.54,128.36,128.393
03/02/2023 12:00,USDJPY,128.398,128.465,128.32,128.43
03/02/2023 13:00,USDJPY,128.432,130.202,128.366,129.942
03/02/2023 14:00,USDJPY,129.944,130.474,129.848,130.325
03/02/2023 15:00,USDJPY,130.325,131.179,130.311,131.066
03/02/2023 16:00,USDJPY,131.069,131.091,130.833,131.075
03/02/2023 17:00,USDJPY,131.079,131.21,130.94,131.05
03/02/2023 18:00,USDJPY,131.048,131.165,130.95,131.107
03/02/2023 19:00,USDJPY,131.107,131.154,131.024,131.055
03/02/2023 20:00,USDJPY,131.056,131.16,131.04,131.142
03/02/2023 21:00,USDJPY,131.147,131.206,131.103,131.166
05/02/2023 22:00,USDJPY,132.464,132.467,131.71,131.857
05/02/2023 23:00,USDJPY,131.961,132.061,131.505,132.059
06/02/2023 00:00,USDJPY,132.057,132.384,131.886,132.291
06/02/2023 01:00,USDJPY,132.3,132.322,132.062,132.275
06/02/2023 02:00,USDJPY,132.273,132.374,131.724,132.041
06/02/2023 03:00,USDJPY,132.04,132.094,131.791,131.895
06/02/2023 04:00,USDJPY,131.9,131.99,131.673,131.681
06/02/2023 05:00,USDJPY,131.68,131.828,131.578,131.726
06/02/2023 06:00,USDJPY,131.728,131.936,131.671,131.826
06/02/2023 07:00,USDJPY,131.825,131.888,131.617,131.785
06/02/2023 08:00,USDJPY,131.781,132.094,131.584,131.808
06/02/2023 09:00,USDJPY,131.81,132.022,131.753,131.942
06/02/2023 10:00,USDJPY,131.941,132.289,131.91,132.227
06/02/2023 11:00,USDJPY,132.228,132.293,132.06,132.081
06/02/2023 12:00,USDJPY,132.073,132.135,131.921,132.097
06/02/2023 13:00,USDJPY,132.098,132.606,132.029,132.548
06/02/2023 14:00,USDJPY,132.551,132.668,132.379,132.586
06/02/2023 15:00,USDJPY,132.584,132.872,132.578,132.845
06/02/2023 16:00,USDJPY,132.849,132.898,132.67,132.756
06/02/2023 17:00,USDJPY,132.753,132.905,132.69,132.771
06/02/2023 18:00,USDJPY,132.771,132.791,132.598,132.612
06/02/2023 19:00,USDJPY,132.618,132.633,132.442,132.516
06/02/2023 20:00,USDJPY,132.518,132.674,132.495,132.621
06/02/2023 21:00,USDJPY,132.617,132.66,132.554,132.554
06/02/2023 22:00,USDJPY,132.65,132.695,132.447,132.608
06/02/2023 23:00,USDJPY,132.607,132.715,132.574,132.626
07/02/2023 00:00,USDJPY,132.622,132.625,132.386,132.536
,,,,,
,,,,,
,,,,,
,,,,,
,,,,,
,,,,,
,,,,,
,,,,,
,,,,,
,,,,,
,,,,,
,,,,,
,,,,,
,,,,,
,,,,,
,,,,,
,,,,,
,,,,,
,,,,,
,,,,,
,,,,,
,,,,,
,,,,,
,,,,,
,,,,,
,,,,,
,,,,,
,,,,,
,,,,,
,,,,,
,,,,,
,,,,,
,,,,,
,,,,,
,,,,,
,,,,,
,,,,,
,,,,,
,,,,,
,,,,,
,,,,,
,,,,,
,,,,,
,,,,,
,,,,,
,,,,,
,,,,,
,,,,,
,,,,,
,,,,,
,,,,,
,,,,,
,,,,,
,,,,,
,,,,,
,,,,,
,,,,,
,,,,,
,,,,,
,,,,,
,,,,,
,,,,,
,,,,,
,,,,,
,,,,,
,,,,,
,,,,,
,,,,,
,,,,,
,,,,,
,,,,,
,,,,,
,,,,,
,,,,,
,,,,,
,,,,,
,,,,,
,,,,,
,,,,,
,,,,,
,,,,,
,,,,,
,,,,,
,,,,,
,,,,,
,,,,,
,,,,,
,,,,,
,,,,,
,,,,,
,,,,,
,,,,,
,,,,,
,,,,,
,,,,,
,,,,,
,,,,,
,,,,,
,,,,,
,,,,,
,,,,,
,,,,,
,,,,,
,,,,,
,,,,,
,,,,,
,,,,,
,,,,,
,,,,,
,,,,,
,,,,,
,,,,,
,,,,,
,,,,,
,,,,,
,,,,,
,,,,,
,,,,,
,,,,,
,,,,,
,,,,,
,,,,,
,,,,,
,,,,,
,,,,,
,,,,,
,,,,,
,,,,,
,,,,,
,,,,,
,,,,,
,,,,,
,,,,,
,,,,,
,,,,,
,,,,,
,,,,,
,,,,,
,,,,,
,,,,,
,,,,,
,,,,,
,,,,,
,,,,,
,,,,,
,,,,,
,,,,,
,,,,,
,,,,,
,,,,,
,,,,,
,,,,,
,,,,,
,,,,,
,,,,,
,,,,,
,,,,,
,,,,,
,,,,,
,,,,,
,,,,,
,,,,,
,,,,,
,,,,,
,,,,,
,,,,,
,,,,,
,,,,,
,,,,,
,,,,,
,,,,,
,,,,,
,,,,,
,,,,,
,,,,,
,,,,,
,,,,,
,,,,,
,,,,,
,,,,,
,,,,,
,,,,,
,,,,,
,,,,,
,,,,,
,,,,,
,,,,,
,,,,,
,,,,,
,,,,,
,,,,,
,,,,,
,,,,,
,,,,,
,,,,,
,,,,,
,,,,,
,,,,,
,,,,,
,,,,,
,,,,,
,,,,,
,,,,,
,,,,,
,,,,,
,,,,,
,,,,,
,,,,,
,,,,,
,,,,,
,,,,,
,,,,,
,,,,,
,,,,,
,,,,,
,,,,,
,,,,,
,,,,,
,,,,,
,,,,,
,,,,,
,,,,,
,,,,,
,,,,,
,,,,,
,,,,,
,,,,,
,,,,,
,,,,,
,,,,,
,,,,,
,,,,,
,,,,,
,,,,,
,,,,,
,,,,,
,,,,,
,,,,,
,,,,,
,,,,,
,,,,,
,,,,,
,,,,,
,,,,,
,,,,,
,,,,,
,,,,,
,,,,,
,,,,,
,,,,,
,,,,,
,,,,,
,,,,,
,,,,,
,,,,,
,,,,,
,,,,,
,,,,,
,,,,,
,,,,,
,,,,,
,,,,,
,,,,,
,,,,,
,,,,,
,,,,,
,,,,,
,,,,,
,,,,,
,,,,,
,,,,,
,,,,,
,,,,,
,,,,,
,,,,,
,,,,,
,,,,,
,,,,,
,,,,,
,,,,,
,,,,,
,,,,,
,,,,,
,,,,,
,,,,,
,,,,,
,,,,,
,,,,,
,,,,,
,,,,,
,,,,,
,,,,,
,,,,,
,,,,,
,,,,,
,,,,,
,,,,,
,,,,,
,,,,,
,,,,,
,,,,,
,,,,,
,,,,,
,,,,,
,,,,,
,,,,,
,,,,,
,,,,,
,,,,,
,,,,,
,,,,,
,,,,,
,,,,,
,,,,,
,,,,,
,,,,,
,,,,,
,,,,,
,,,,,
,,,,,
,,,,,
,,,,,
,,,,,
,,,,,
,,,,,
,,,,,
,,,,,
,,,,,
,,,,,
,,,,,
,,,,,
,,,,,
,,,,,
,,,,,
,,,,,
,,,,,
,,,,,
,,,,,
,,,,,
,,,,,
,,,,,
,,,,,
,,,,,
,,,,,
,,,,,
,,,,,
,,,,,
,,,,,
,,,,,
,,,,,
,,,,,
,,,,,
,,,,,
,,,,,
,,,,,
,,,,,
,,,,,
,,,,,
,,,,,
,,,,,
,,,,,
,,,,,
,,,,,
,,,,,
,,,,,
,,,,,
,,,,,
,,,,,
,,,,,
,,,,,
,,,,,
,,,,,
