low,ma50_4_ma100_4_diff_4,volume,day,hr,ma20_1_ma50_1_diff_1,time,low_lower_bb20_4_diff_4
146.8305,-0.474964999999969,4413,11.0,15,-0.4341699999999662,0,0.6002002249710472
148.969,-1.0944549999999822,3649,15.0,15,0.4100400000000093,0,1.514344738206745
147.377,1.6098849999999914,5716,24.0,9,0.13005500000002712,1,-0.03696748847346498
149.8945,0.12961000000001377,1418,6.0,2,-0.16041000000001304,2,0.045447024845231
150.0635,0.17790000000002237,6158,5.0,13,0.10255499999999529,3,0.6171315989214179
148.1185,-0.029889999999994643,4849,7.0,6,-0.5765700000000038,4,-0.4062326125089726
147.8585,-0.9128849999999886,1492,14.0,6,0.11183499999998503,4,1.324481593970802
149.303,0.20483499999997434,1261,12.0,21,-0.06581500000001483,5,1.2171583765421872
147.9965,-0.05926499999998214,2348,7.0,23,-0.1443349999999839,6,0.3580535815411565
149.8125,0.8620200000000011,9228,15.0,14,-0.23413999999999646,7,1.2228341616052774
146.8155,0.6487499999999784,3642,1.0,6,-0.43809000000001674,4,0.08033062488732412
147.542,-0.8911299999999756,3042,14.0,0,0.18096999999997365,8,1.0164321248322779
149.193,-0.08583999999999037,6870,8.0,14,0.35151500000000624,7,1.4799820091359663
149.9345,0.8809499999999844,1998,15.0,20,-0.3057399999999859,9,0.8624289227222164
149.216,-0.02845499999997969,4291,9.0,7,0.6343549999999993,10,1.9336024262914293
150.727,0.4724499999999807,2674,13.0,20,0.44225500000001716,9,2.1767775013374546
147.8215,0.0614800000000173,5474,6.0,18,-0.029570000000006758,11,2.167926804543214
149.8475,1.0962499999999977,2228,20.0,17,0.0615449999999953,12,-0.11432979217062211
150.39,0.18690499999999588,1681,5.0,10,0.12254499999997392,13,0.6494091804081847
146.3215,0.36329000000000633,1956,2.0,4,-0.34776500000000965,14,0.34609651538301023
150.518,0.5176550000000191,1805,28.0,4,-0.08903500000002396,14,0.31599966064132445
149.895,0.9697749999999985,2787,19.0,9,-0.02401500000001988,1,0.11596883392465429
150.299,1.056414999999987,3166,20.0,7,0.04138000000000375,10,0.4002267313111645
150.265,0.5593549999999823,4713,27.0,14,-0.04915499999998474,7,0.021132798268553188
150.191,1.029894999999982,2185,21.0,21,-0.0033100000000274576,5,0.34290790970592866
149.65,0.41560500000002776,5306,29.0,9,-0.11752500000000055,1,-0.2714466875818857
150.464,0.924350000000004,2110,23.0,21,0.08176500000001852,5,0.6076546131306202
150.1945,1.0389249999999777,4073,20.0,1,-0.05687000000000353,15,0.35762177971159304
147.6375,1.4750849999999787,10156,26.0,14,0.1113550000000032,7,0.5093297702428004
147.6955,1.4905550000000005,1983,26.0,5,0.06448499999999058,16,0.5124573957490384
147.6835,0.2901300000000049,15966,2.0,14,-0.03106999999999971,7,0.6132193070106098
149.968,1.0915500000000122,2085,20.0,20,0.03919500000000653,9,0.12209639700969888
150.4055,0.7933700000000101,3603,26.0,8,-0.023159999999990077,17,0.40262821548520833
150.5355,0.47275499999997805,2009,28.0,23,0.15758000000002426,6,0.4700469309095183
150.1085,1.0779249999999934,2906,20.0,11,0.08065500000000725,18,0.3891478712605192
150.152,1.0037800000000061,418,19.0,18,-0.09400999999999726,11,0.3540323702080457
147.5,1.5129999999999768,3130,25.0,23,0.02540500000000634,6,0.5295497487925047
150.4255,0.20797500000000468,2629,4.0,22,0.0762149999999906,19,0.8211731724034621
149.3115,0.20483499999997434,2084,12.0,20,-0.073174999999992,9,1.2171583765421872
147.597,1.5567899999999781,4042,25.0,2,-0.36985500000000116,2,0.3326194025215443
149.161,0.158945000000017,4325,12.0,14,-0.10713499999999954,7,1.0772406370057297
146.327,0.4526050000000055,735,1.0,22,-0.3704850000000022,19,0.11103625597422706
150.526,0.9919800000000123,3150,23.0,7,0.1834400000000187,10,0.6177948676457277
148.3615,0.12378499999999804,3427,6.0,6,0.37359999999998195,4,2.9366321491857548
149.9755,0.22523500000002628,2537,4.0,1,0.17976500000000328,15,0.20266056058528648
147.6355,1.4872549999999762,4121,26.0,10,0.1320299999999861,13,0.596617507482506
150.4865,0.20797500000000468,1376,4.0,20,0.064485000000019,9,0.8211731724034621
148.274,-1.0057899999999904,566,14.0,21,0.19185999999996284,5,1.413987701236067
148.2805,-0.07334000000000174,2574,8.0,3,-0.052379999999971005,20,0.23031591482089198
149.841,0.22523500000002628,3996,4.0,0,0.182060000000007,8,0.20266056058528648
147.7315,0.8756600000000105,3949,31.0,12,0.08020999999996548,21,0.5539830503634562
150.596,0.5176550000000191,1514,28.0,5,-0.07482499999997572,16,0.31599966064132445
146.6735,0.3252250000000174,3879,2.0,9,-0.2920750000000396,1,0.6042584493622485
149.244,0.18385000000000673,2083,12.0,18,-0.09410499999998478,11,1.369490227444004
150.208,1.0039099999999905,2985,22.0,12,0.15216000000000918,21,0.35843857683505576
149.9165,0.8809499999999844,1310,15.0,21,-0.3005500000000154,5,0.8624289227222164
150.514,0.42553000000000907,5137,13.0,16,0.26676999999997975,22,1.8065398557728543
147.1595,1.5769850000000076,5487,24.0,18,-0.28893999999999664,11,-0.3741671770321773
147.5815,1.093244999999996,2142,30.0,19,-0.2555849999999964,23,0.4716453186718468
147.8785,1.396729999999991,2795,29.0,6,0.21818999999999278,4,0.707755309170409
150.228,0.8822250000000338,2428,16.0,3,-0.25510499999998615,20,0.7570499155109758
150.4005,0.9594699999999818,4261,23.0,12,0.16165499999996769,21,0.5743462351706228
149.3355,0.07020000000002824,7867,6.0,13,-0.332650000000001,3,-0.10523474639364849
150.2945,0.8796949999999981,3354,26.0,1,0.04490999999998735,15,0.39405191406964946
150.4585,0.5503050000000087,2151,27.0,19,-0.10805999999999472,23,0.17797085921301914
150.207,1.0389249999999777,4061,20.0,0,-0.06775000000001796,8,0.35762177971159304
149.8845,1.0962499999999977,2409,20.0,18,0.05904499999999757,11,-0.11432979217062211
150.479,0.7602449999999976,4561,14.0,16,0.4971050000000048,22,2.004990429254775
147.469,1.6098849999999914,3172,24.0,10,0.10281000000000518,13,-0.03696748847346498
149.1035,-1.1488349999999912,1654,18.0,6,0.4940499999999872,4,2.0216960600894254
149.1185,-1.1537649999999928,3446,18.0,13,0.37875499999998397,3,1.7730560612569093
149.922,0.9295349999999871,3638,19.0,0,0.08475999999998862,8,0.08944481503311863
149.2295,-0.08583999999999037,6824,8.0,15,0.40022500000000605,0,1.4799820091359663
148.6075,0.0011100000000112686,2925,7.0,3,-0.5115999999999588,20,-0.21761774525219835
150.42,0.5934450000000311,2202,14.0,4,0.6588399999999979,14,1.9418984815173133
146.261,0.4526050000000055,3279,1.0,20,-0.39463499999999385,9,0.11103625597422706
147.5295,-0.8911299999999756,2523,14.0,1,0.16743999999999915,15,1.0164321248322779
147.7805,-0.7972299999999848,4369,13.0,13,0.26789999999999736,3,1.3904187167419195
150.191,0.21677999999997155,2732,4.0,9,-0.002004999999996926,1,0.5470399793283605
147.5875,1.5577499999999986,2497,25.0,4,-0.34856999999999516,14,0.3852999402140824
147.633,-0.704654999999974,525,12.0,21,0.40136499999997,5,1.1782427479914475
150.0835,1.012124999999969,4748,22.0,7,0.12557499999999777,10,0.410625522650065
150.596,0.5376700000000199,4771,14.0,0,0.572669999999988,8,2.108052629096477
147.7115,1.3748150000000123,5553,29.0,9,0.21749000000002638,1,0.4193992521504697
147.793,1.4872549999999762,6014,26.0,9,0.11665500000000861,1,0.596617507482506
150.1145,1.0189200000000085,2288,19.0,23,-0.07377999999999929,6,0.30096550688932666
150.553,1.0022949999999753,3281,22.0,17,0.16867500000000746,12,0.6443602353793949
149.1245,-0.0776649999999961,4576,8.0,18,0.5087900000000047,11,1.6636785956586095
147.7145,0.9703700000000026,2932,31.0,6,0.0031199999999955708,4,0.387766486284562
147.8985,1.353334999999987,5001,29.0,14,0.1494899999999859,7,0.5412596205965485
147.7375,1.4872549999999762,5665,26.0,8,0.09442500000000109,17,0.596617507482506
147.0345,-0.3083249999999964,1566,8.0,21,-0.5742249999999842,5,0.5236160817273685
148.998,-0.08970500000000925,4367,8.0,11,0.20903999999998746,18,0.9719295550608251
148.5605,0.0011100000000112686,7798,7.0,1,-0.4826100000000224,15,-0.21761774525219835
149.9065,0.351034999999996,2325,29.0,20,-0.46490499999998747,9,0.21575372223409772
150.167,0.9141300000000001,2124,16.0,21,0.07994000000002188,5,0.33679679908340177
148.1215,1.4192050000000052,2400,29.0,2,0.1865099999999984,2,0.9172250142003122
149.1315,0.042475000000024465,5381,6.0,16,-0.3620999999999981,22,-0.3192373719931254
147.6465,1.4750849999999787,3833,26.0,12,0.13289000000000328,21,0.5093297702428004
150.4885,0.8139300000000276,2173,14.0,20,0.3649249999999995,9,2.000354976209991
146.4705,0.8756600000000105,14043,31.0,14,0.04274499999999648,7,0.5539830503634562
150.3835,0.524185000000017,3251,28.0,1,-0.11254999999999882,15,0.1722792073031485
150.39,0.3696400000000324,7643,13.0,15,0.22533999999998855,0,0.40805163238192677
147.417,0.9233199999999897,6586,31.0,8,0.03372999999999138,17,0.23955495151736272
147.512,1.5610900000000072,2334,24.0,20,-0.33029500000000667,9,0.28457965034579047
146.363,0.4526050000000055,1591,1.0,23,-0.3599100000000135,6,0.11103625597422706
146.25,0.8159950000000151,5170,31.0,17,-0.06283999999999423,12,-0.7281025367122709
147.892,-0.7972299999999848,3565,13.0,12,0.2872000000000128,21,1.3904187167419195
147.7505,-0.0006099999999946704,5518,7.0,7,-0.3413850000000309,10,1.486711044515431
149.287,0.023165000000005875,868,6.0,22,-0.4229050000000143,19,0.01630149476142151
148.077,-0.029490000000009786,5881,7.0,13,-0.35359499999998434,3,1.085504238779066
150.373,0.7602449999999976,3745,14.0,17,0.45937500000002274,12,2.004990429254775
150.2475,0.21677999999997155,2229,4.0,10,0.0004500000000291493,13,0.5470399793283605
148.21,-1.0057899999999904,1473,14.0,20,0.17309499999996092,9,1.413987701236067
147.0865,-0.24702000000002045,2525,8.0,12,-0.5726250000000164,21,0.24495522908551948
150.1145,0.9058500000000151,2817,16.0,18,0.03875999999999635,11,0.5608465225251109
150.676,0.47275499999997805,1187,28.0,21,0.14035999999998694,5,0.4700469309095183
149.9585,0.12961000000001377,1730,6.0,1,-0.13311500000003207,15,0.045447024845231
148.93,0.158945000000017,4380,12.0,12,-0.09987499999999727,21,1.0772406370057297
147.6155,1.5567899999999781,4445,25.0,1,-0.3702250000000049,15,0.3326194025215443
150.2985,1.0204449999999952,3340,22.0,1,0.06080000000000041,15,0.5136265696776547
149.3775,0.33049999999997226,2597,13.0,11,0.11104500000001849,18,0.8254973659525433
148.1335,-0.9816649999999925,2770,14.0,17,0.10855499999999552,12,1.4093410024162267
150.318,0.938334999999995,3105,23.0,17,0.09931499999999005,12,0.4655650433899723
147.62,-0.029490000000009786,9718,7.0,14,-0.3408450000000016,7,1.085504238779066
150.583,0.6507199999999784,4935,14.0,10,0.7184149999999647,13,1.9342937718692212
146.5135,0.2901300000000049,2995,2.0,12,-0.1836150000000032,21,0.6132193070106098
148.2725,0.20238000000003353,5489,5.0,7,1.1101850000000013,10,2.77733595547906
147.6625,-0.6873449999999934,3602,12.0,17,0.28946500000000697,12,1.1995554408998714
148.5105,-0.029889999999994643,2272,7.0,5,-0.545880000000011,16,-0.4062326125089726
149.1445,0.09763999999998418,1963,12.0,3,0.08853000000001998,20,1.6546859288481812
150.271,0.2209150000000193,1513,4.0,6,0.08224999999998772,4,0.5149610368068238
147.7705,-0.9357650000000035,3197,14.0,8,0.08624499999999102,17,1.2167295481715428
147.593,1.3202800000000252,4540,29.0,16,0.09514999999998963,22,0.28534902339796986
150.1305,1.0189200000000085,362,19.0,20,-0.09262999999995714,9,0.30096550688932666
148.5065,0.15731999999997015,2684,5.0,18,0.8244449999999972,11,3.3361795251871342
150.166,0.8981749999999806,2817,16.0,12,-0.10616500000000428,21,0.6215445992698676
147.5015,-0.7548200000000236,3120,13.0,6,0.3581299999999885,4,0.8826008870459248
150.3545,0.938334999999995,1751,23.0,19,0.08639499999998179,23,0.4655650433899723
150.183,0.8193949999999859,3255,15.0,2,0.20300000000003138,2,1.732165332282392
147.713,1.5577499999999986,2577,25.0,5,-0.33323000000001457,16,0.3852999402140824
150.3125,0.21416499999995153,4048,4.0,14,0.01899499999998966,7,0.7109254790885586
150.0875,0.23540499999998588,2413,1.0,21,0.19691000000000258,5,0.4197241909742786
148.0355,-0.05926499999998214,594,7.0,22,-0.16545500000000857,19,0.3580535815411565
147.7685,-0.029490000000009786,10644,7.0,15,-0.32935500000002094,0,1.085504238779066
147.7335,-0.0745900000000006,9416,7.0,14,-0.7691350000000057,7,-0.34646157967924296
147.7735,1.5336199999999849,2443,25.0,19,-0.03155000000000996,23,0.3373476863338567
147.5875,1.3202800000000252,2197,29.0,19,0.030994999999990114,23,0.28534902339796986
146.2425,0.4072350000000142,3765,2.0,1,-0.3613700000000222,15,0.2191354727816588
147.8075,-0.15873499999997875,2062,8.0,3,-0.7921649999999829,20,0.15991445030385876
150.2275,1.012124999999969,2307,22.0,5,0.1028400000000147,16,0.410625522650065
150.656,0.48701000000002637,2791,28.0,19,0.11154999999999404,23,0.49292782555866665
147.336,1.0560150000000021,2373,30.0,23,-0.17367500000003133,6,0.37945387307169653
149.9655,0.16743500000001177,4873,5.0,16,0.05814000000000874,22,0.10300435077243719
149.7445,1.0962499999999977,3841,20.0,16,0.06435000000001878,22,-0.11432979217062211
147.2765,1.205270000000013,2425,30.0,6,-0.22410500000000866,4,0.012566498947933269
150.628,0.9747699999999782,3082,23.0,9,0.18016999999997552,1,0.7022888278579558
150.1485,1.008199999999988,2561,22.0,11,0.15156500000000506,18,0.16984920127418945
149.9895,1.0562699999999836,4137,21.0,14,-0.07793499999999653,7,0.10246852192128131
150.5285,0.9747699999999782,4265,23.0,8,0.18315000000001191,17,0.7022888278579558
148.936,-1.1386799999999937,3078,18.0,0,0.4879099999999994,8,1.8972061019560442
148.393,0.12378499999999804,5313,6.0,7,0.33695000000000164,10,2.9366321491857548
150.2795,1.0389249999999777,1805,20.0,3,-0.028750000000002274,20,0.35762177971159304
146.4765,0.36329000000000633,4811,2.0,7,-0.3243750000000034,10,0.34609651538301023
147.9055,-0.013685000000009495,3752,7.0,10,-0.39329000000000747,13,1.143103942902087
148.4085,0.1854099999999903,6175,5.0,8,1.102985000000018,17,2.9180632229466994
150.175,1.029894999999982,2969,21.0,20,-0.015345000000024811,9,0.34290790970592866
150.527,0.636685,3214,27.0,0,0.08574500000003127,8,0.366324650699255
150.591,0.4724499999999807,601,13.0,22,0.5150350000000117,19,2.1767775013374546
146.9545,-0.2160199999999861,3014,8.0,11,-0.5798350000000028,18,0.7496887831936476
150.0115,0.8465099999999666,4360,15.0,8,-0.001090000000033342,17,1.3124893681969638
150.4805,0.5384149999999863,461,27.0,22,-0.11276999999998338,19,0.25483766533167795
148.006,-0.12583000000000766,894,7.0,21,-0.874924999999962,5,0.39959402440103986
146.328,0.4526050000000055,2590,1.0,21,-0.38846000000000913,5,0.11103625597422706
150.2035,0.8885449999999651,2688,16.0,9,-0.1560750000000155,1,0.763747763336454
150.46,0.9919800000000123,858,23.0,4,0.16176999999998998,14,0.6177948676457277
150.4445,0.20032000000000494,1270,5.0,3,0.09596499999997832,20,0.6754403478319375
149.9045,1.0856200000000058,2203,21.0,2,-0.05036000000001195,2,0.09748745181184404
147.9945,1.396729999999991,1885,29.0,4,0.1977850000000103,14,0.707755309170409
150.6685,0.7538699999999778,4690,26.0,15,0.010400000000004184,0,0.4643730482528383
150.452,0.20032000000000494,1536,5.0,2,0.08943500000000881,2,0.6754403478319375
149.9875,1.0698850000000277,1701,21.0,11,-0.09654499999999189,18,0.2770890505563841
149.2435,-0.0776649999999961,4182,8.0,16,0.4370649999999614,22,1.6636785956586095
146.326,0.4072350000000142,2151,2.0,3,-0.363459999999975,20,0.2191354727816588
150.087,0.9058500000000151,2393,16.0,19,0.056344999999993206,23,0.5608465225251109
149.531,0.0911700000000053,3770,6.0,8,-0.28892999999999347,17,-0.2426927117558364
146.9365,-0.5204550000000268,1715,11.0,19,-0.35285500000000525,23,0.8081218000826027
150.463,0.5953999999999837,1381,27.0,6,0.07474500000000717,4,0.20543470141879538
149.84,0.3727000000000089,2778,29.0,18,-0.4176750000000027,11,-0.12135601056988321
147.098,1.128085000000027,7497,30.0,14,-0.3380849999999782,7,0.11832552306600519
150.1415,0.5769300000000044,2837,27.0,9,0.036589999999989686,1,-0.044087290287933456
148.274,-0.9816649999999925,2062,14.0,18,0.12623000000002094,11,1.4093410024162267
147.7125,0.015655000000037944,3752,7.0,1,-0.19678500000000554,15,1.6796463430893027
149.321,0.3696400000000324,3149,13.0,12,0.11059500000001776,21,0.40805163238192677
150.408,0.5953999999999837,1456,27.0,5,0.07962999999998033,16,0.20543470141879538
149.0105,-1.1537649999999928,2916,18.0,12,0.4002050000000281,21,1.7730560612569093
147.8115,-0.7972299999999848,3775,13.0,14,0.2515799999999615,7,1.3904187167419195
146.874,-0.38997499999999263,2326,11.0,6,-0.5200649999999882,4,0.7104022912713788
147.708,-0.7740799999999979,4575,13.0,9,0.33569999999997435,1,1.1254111690473962
147.9755,0.0614800000000173,6090,6.0,16,0.02303999999998041,22,2.167926804543214
147.2855,-0.7320900000000279,1728,13.0,3,0.35775499999996896,20,0.9097543101181316
148.998,0.13958999999999833,3685,12.0,11,-0.08495499999997946,18,1.2681762779803876
149.976,0.16743500000001177,2573,5.0,18,0.018734999999992397,11,0.10300435077243719
147.3295,-0.6013149999999712,2137,12.0,4,-0.14069499999996538,14,1.2321322497062397
147.4365,1.5610900000000072,2814,24.0,23,-0.36663500000000226,6,0.28457965034579047
148.0325,-0.046799999999990405,3044,7.0,17,-0.2883749999999736,12,0.601022202301948
149.9595,0.9502699999999891,1739,19.0,6,0.038145000000014306,4,0.09859327782183414
146.6495,1.5925849999999855,11770,24.0,14,-0.10913500000000909,7,-0.16134848307464722
149.993,1.0856200000000058,3102,21.0,1,-0.028035000000016908,15,0.09748745181184404
147.5485,-0.7548200000000236,2121,13.0,5,0.35355500000000006,16,0.8826008870459248
150.2345,1.012124999999969,2432,22.0,4,0.09246499999997582,14,0.410625522650065
147.7385,1.093244999999996,2241,30.0,18,-0.27204500000001985,11,0.4716453186718468
149.1765,0.11663500000000226,1744,12.0,5,0.03844000000003689,16,1.6275524610607874
150.145,0.2209150000000193,1083,4.0,4,0.10521499999998696,14,0.5149610368068238
148.4345,0.12378499999999804,2275,6.0,4,0.45678499999999644,14,2.9366321491857548
149.2075,0.11663500000000226,1745,12.0,4,0.06115499999998519,14,1.6275524610607874
147.596,1.4872549999999762,3678,26.0,11,0.1352200000000039,18,0.596617507482506
147.3085,1.205270000000013,1787,30.0,4,-0.19958999999997218,14,0.012566498947933269
150.399,0.6507199999999784,7053,14.0,8,0.7657299999999907,17,1.9342937718692212
150.2265,0.5769300000000044,2183,27.0,10,0.02425000000002342,13,-0.044087290287933456
147.6745,1.5577499999999986,3045,25.0,6,-0.3168100000000038,4,0.3852999402140824
150.119,0.8345500000000072,2196,15.0,4,0.1421799999999962,14,1.5159490856354978
149.9335,1.0562699999999836,3102,21.0,12,-0.09009499999999093,21,0.10246852192128131
148.3975,0.08375500000002489,6892,6.0,14,0.08298999999996681,7,2.9194052510798656
150.496,0.20903999999998746,1667,4.0,19,0.04885499999997478,23,0.7835502273000827
149.0255,-1.1264799999999866,2209,15.0,20,0.4614300000000071,9,1.9533251976388044
150.4245,0.636685,1190,27.0,3,0.09117999999995163,20,0.366324650699255
150.4415,0.8387150000000361,1701,26.0,4,0.015389999999996462,14,0.4843244411652563
148.4685,0.13760500000000775,3131,6.0,1,0.5697499999999707,15,3.0743361853440945
147.9065,-0.7740799999999979,1809,13.0,11,0.3018199999999922,18,1.1254111690473962
148.4195,0.1854099999999903,4309,5.0,10,1.0703550000000064,13,2.9180632229466994
150.5725,0.7088149999999871,5504,14.0,15,0.5349050000000091,0,2.1052051868965407
149.6875,0.0911700000000053,1656,6.0,11,-0.30732499999999163,18,-0.2426927117558364
150.081,0.8345500000000072,2152,15.0,5,0.10605499999999779,16,1.5159490856354978
148.331,0.20238000000003353,3337,5.0,5,0.9867600000000039,16,2.77733595547906
150.251,0.8885449999999651,1984,16.0,10,-0.13248500000000263,13,0.763747763336454
148.3805,0.1680949999999939,6328,5.0,14,0.952194999999989,7,2.9945914891055168
150.1405,0.8848500000000001,3992,16.0,7,-0.19631499999999846,10,0.9485383307609538
149.1645,-1.1537649999999928,3285,18.0,14,0.3623750000000143,7,1.7730560612569093
148.0245,-0.0988450000000114,2591,7.0,18,-0.8600100000000168,11,0.0975611799252647
146.8635,0.760249999999985,848,31.0,22,-0.17291499999998905,19,-0.4379660361778406
147.9135,-0.0006099999999946704,2214,7.0,5,-0.27968000000001325,16,1.486711044515431
147.829,0.2901300000000049,11330,2.0,15,0.053725000000014234,0,0.6132193070106098
148.2485,0.2606700000000046,3061,2.0,20,0.3463999999999601,9,2.551321737481743
149.2935,0.158945000000017,4054,12.0,15,-0.10218499999999153,0,1.0772406370057297
149.2545,0.18385000000000673,2272,12.0,17,-0.09707999999997696,12,1.369490227444004
150.3445,0.938334999999995,2015,23.0,18,0.0902900000000102,11,0.4655650433899723
148.2535,-1.0543700000000058,1643,15.0,4,0.24406499999997777,14,1.2436868159481662
150.3495,0.19648499999999558,2600,5.0,7,0.11085999999997398,10,0.7945270664024804
148.507,0.13760500000000775,2080,6.0,2,0.538109999999989,2,3.0743361853440945
149.1065,-1.1519200000000183,2402,18.0,9,0.4728149999999971,1,1.8947426468304798
150.4815,1.0022949999999753,3400,22.0,18,0.16665000000000418,11,0.6443602353793949
147.21,1.1647899999999822,4158,30.0,10,-0.30883499999998776,13,-0.030767319693126183
150.445,0.924350000000004,2085,23.0,20,0.08518500000002405,9,0.6076546131306202
147.0315,-0.3083249999999964,1949,8.0,20,-0.5745799999999974,9,0.5236160817273685
150.13,1.0438800000000015,6297,21.0,19,-0.023449999999996862,23,0.40063436241999284
147.8385,1.353334999999987,2956,29.0,12,0.18195000000002892,21,0.5412596205965485
147.372,1.244595000000004,1708,30.0,3,-0.17975999999998749,20,-0.14808431621958107
147.591,1.5129999999999768,299,25.0,22,0.009209999999967522,19,0.5295497487925047
148.275,0.2606700000000046,3051,2.0,21,0.4069300000000169,5,2.551321737481743
149.3605,0.023165000000005875,1241,6.0,21,-0.417995000000019,5,0.01630149476142151
147.4555,1.6098849999999914,8406,24.0,8,0.1460249999999803,17,-0.03696748847346498
147.732,1.4905550000000005,3069,26.0,6,0.0751499999999794,4,0.5124573957490384
146.5575,0.2901300000000049,16875,2.0,13,-0.10553000000001589,3,0.6132193070106098
149.897,0.8809499999999844,429,15.0,22,-0.3007750000000158,19,0.8624289227222164
149.0945,0.042475000000024465,4909,6.0,17,-0.3752099999999814,12,-0.3192373719931254
150.6515,0.9747699999999782,2979,23.0,11,0.1804700000000139,18,0.7022888278579558
149.716,0.4373949999999809,3841,29.0,6,-0.014659999999992124,4,-0.35546027307296413
147.569,1.0560150000000021,1385,30.0,21,-0.20607999999998583,5,0.37945387307169653
150.376,0.3136400000000208,1723,1.0,5,-0.23530500000001098,16,0.6388943953854778
146.7605,0.760249999999985,3935,31.0,23,-0.19910999999999035,6,-0.4379660361778406
150.169,0.5593549999999823,2969,27.0,12,-0.009009999999989304,21,0.021132798268553188
147.848,0.0614800000000173,3651,6.0,19,-0.05774499999998284,23,2.167926804543214
149.7135,0.4580850000000112,4086,29.0,3,0.08324000000001774,20,0.3330992607541816
149.495,0.28738000000001307,1423,13.0,5,0.02122499999998695,16,1.0485696317762745
149.944,1.0915500000000122,1466,20.0,22,0.01756999999997788,19,0.12209639700969888
147.6995,1.093244999999996,5698,30.0,16,-0.30734999999998536,22,0.4716453186718468
150.2175,0.3304549999999722,3697,1.0,1,-0.37337999999996896,15,0.3748647373026017
147.567,1.0560150000000021,141,30.0,22,-0.18660499999998592,19,0.37945387307169653
148.5415,0.1042850000000044,4227,6.0,9,0.2643049999999789,1,2.9167579033837114
150.648,0.5103799999999978,2519,28.0,10,0.008579999999994925,13,0.5456026513310803
149.8535,1.0856200000000058,1712,21.0,3,-0.07263500000001955,20,0.09748745181184404
147.3255,-0.5640049999999803,2160,12.0,3,-0.1841150000000198,20,0.5870202556201889
147.9905,-0.046799999999990405,4173,7.0,18,-0.2627149999999858,11,0.601022202301948
148.0995,-1.0543700000000058,3344,15.0,6,0.2628400000000113,4,1.2436868159481662
149.625,0.4373949999999809,5847,29.0,7,-0.04603000000000179,10,-0.35546027307296413
146.139,0.8756600000000105,17219,31.0,15,0.007509999999996353,0,0.5539830503634562
146.644,0.7039099999999792,5593,1.0,1,-0.2597300000000189,15,-0.009313233658531317
150.0405,1.0562699999999836,4261,21.0,15,-0.07222500000003151,0,0.10246852192128131
150.0755,0.25207000000000335,5760,1.0,16,0.13545500000003585,22,0.38825559075695537
150.507,0.6736350000000186,3085,26.0,23,0.0841350000000034,6,0.5356334628529282
150.5255,0.7538699999999778,3006,26.0,12,-0.01420500000000402,21,0.4643730482528383
150.131,1.0037800000000061,677,19.0,19,-0.09906000000000859,23,0.3540323702080457
150.4565,0.7602449999999976,1973,14.0,19,0.39468000000002235,23,2.004990429254775
148.4035,-0.029889999999994643,3573,7.0,4,-0.5327200000000119,14,-0.4062326125089726
147.8305,0.03674499999999625,2479,6.0,20,-0.08534000000000219,9,1.9379015895429177
147.515,1.552075000000002,4245,25.0,10,-0.23280000000002588,13,0.46712069312056315
150.075,0.5593549999999823,5575,27.0,13,-0.03093499999997107,3,0.021132798268553188
150.3,0.5503050000000087,3363,27.0,18,-0.10269999999997026,11,0.17797085921301914
149.8745,0.9295349999999871,3221,19.0,1,0.08005499999998733,15,0.08944481503311863
147.8515,-0.9128849999999886,1355,14.0,4,0.13736500000001683,14,1.324481593970802
150.3255,0.3136400000000208,1488,1.0,4,-0.269030000000015,14,0.6388943953854778
146.875,-0.3496650000000159,2400,11.0,2,-0.5871150000000114,2,0.35700848040355027
150.373,1.0039099999999905,7424,22.0,13,0.1583800000000224,3,0.35843857683505576
147.4435,1.6098849999999914,3020,24.0,11,0.0664199999999937,18,-0.03696748847346498
146.616,0.7039099999999792,6624,1.0,0,-0.22684000000000992,8,-0.009313233658531317
149.4515,0.25341000000000236,2017,13.0,3,-0.015355000000027985,20,1.0222329529755427
150.52,0.6507199999999784,6396,14.0,9,0.745254999999986,1,1.9342937718692212
146.8155,-0.5204550000000268,2966,11.0,16,-0.41888500000001727,22,0.8081218000826027
148.267,0.20238000000003353,3623,5.0,6,1.0471200000000067,4,2.77733595547906
150.3755,0.17790000000002237,1749,5.0,12,0.11483499999999935,21,0.6171315989214179
149.311,0.058400000000006,1171,9.0,19,0.34709499999999593,23,1.9023140663704794
147.8795,-0.15873499999997875,3744,8.0,2,-0.8302099999999939,2,0.15991445030385876
150.427,1.0039099999999905,8081,22.0,15,0.1644200000000069,0,0.35843857683505576
149.8105,0.8620200000000011,7101,15.0,15,-0.25187000000002513,0,1.2228341616052774
147.3465,-0.6013149999999712,2580,12.0,5,-0.0946350000000109,16,1.2321322497062397
148.4355,-1.0301649999999825,2394,15.0,2,0.23396500000001197,2,1.384696971098606
148.998,-1.1121599999999887,1626,15.0,18,0.44672999999997387,11,1.8812202047439257
147.6885,-0.6703050000000133,4084,12.0,15,0.2438200000000279,0,0.7073316764912931
149.9485,0.9697749999999985,1509,19.0,11,-0.05259000000000924,18,0.11596883392465429
147.846,0.03674499999999625,1430,6.0,21,-0.10698999999999614,5,1.9379015895429177
147.6835,-0.0745900000000006,3672,7.0,12,-0.7325050000000317,21,-0.34646157967924296
149.5525,0.33049999999997226,4571,13.0,8,0.09144000000003416,17,0.8254973659525433
150.4175,0.8139300000000276,2418,14.0,23,0.29215500000000816,6,2.000354976209991
147.368,-0.7320900000000279,3812,13.0,0,0.3929849999999533,8,0.9097543101181316
149.4805,0.33049999999997226,3724,13.0,10,0.11524000000002843,13,0.8254973659525433
150.698,0.42553000000000907,3057,13.0,17,0.31040500000000293,12,1.8065398557728543
149.9135,0.9295349999999871,1593,19.0,3,0.06176999999999566,20,0.08944481503311863
150.054,0.16743500000001177,2435,5.0,17,0.03849999999999909,12,0.10300435077243719
150.4625,0.19648499999999558,1682,5.0,5,0.10995499999998515,16,0.7945270664024804
147.9965,-0.12583000000000766,1897,7.0,20,-0.8841449999999895,9,0.39959402440103986
147.435,-0.9581650000000081,12275,14.0,13,0.05498499999998785,3,0.9227633377356312
149.7785,1.090504999999979,7012,20.0,14,0.07347500000000196,7,0.17128870954638842
148.028,1.4192050000000052,3638,29.0,1,0.17808999999999742,15,0.9172250142003122
150.491,0.7088149999999871,6646,14.0,14,0.5757750000000215,7,2.1052051868965407
147.8915,-0.013685000000009495,3713,7.0,9,-0.38635999999999626,1,1.143103942902087
147.5525,1.0131250000000307,3250,31.0,2,-0.1090199999999868,2,-0.010228768685777823
146.6725,-0.3496650000000159,4558,11.0,0,-0.5690549999999917,8,0.35700848040355027
146.071,0.8159950000000151,10881,31.0,16,-0.026590000000027203,22,-0.7281025367122709
148.682,-0.0831749999999829,5088,8.0,7,0.05577999999999861,10,0.6078362433420068
150.3535,0.20032000000000494,3241,5.0,0,0.082224999999994,8,0.6754403478319375
150.3305,0.3136400000000208,2147,1.0,6,-0.21715000000000373,4,0.6388943953854778
146.5465,0.7039099999999792,3106,1.0,3,-0.34585000000001287,20,-0.009313233658531317
146.7565,1.5925849999999855,12598,24.0,15,-0.16601499999998737,0,-0.16134848307464722
150.4045,1.0039099999999905,9334,22.0,14,0.1594699999999989,7,0.35843857683505576
147.883,-0.12583000000000766,1773,7.0,22,-0.8766300000000058,19,0.39959402440103986
149.954,0.351034999999996,1310,29.0,22,-0.4455150000000003,19,0.21575372223409772
146.6925,-0.24702000000002045,11464,8.0,14,-0.5810249999999826,7,0.24495522908551948
150.2865,0.8981749999999806,8913,16.0,13,-0.08362999999999943,3,0.6215445992698676
149.733,0.39428000000000907,10709,29.0,13,-0.24871000000001686,3,0.09077319689311025
150.345,0.5934450000000311,8385,14.0,7,0.732405,10,1.9418984815173133
146.194,0.49702000000002045,4519,1.0,19,-0.4019649999999899,23,-0.35512616365411986
150.747,0.4724499999999807,2036,13.0,21,0.48354000000000497,5,2.1767775013374546
147.2105,-0.6013149999999712,4606,12.0,6,-0.04623500000002423,4,1.2321322497062397
147.547,-0.704654999999974,1169,12.0,23,0.3998500000000149,6,1.1782427479914475
147.8925,-0.0988450000000114,7103,7.0,16,-0.8127149999999972,22,0.0975611799252647
147.899,1.4586699999999837,4361,26.0,16,0.09081000000000472,22,0.7049984229765016
150.1775,0.8848500000000001,1933,16.0,6,-0.2100049999999669,4,0.9485383307609538
150.0545,1.0698850000000277,3103,21.0,9,-0.11609999999998877,1,0.2770890505563841
149.868,1.079305000000005,1609,21.0,4,-0.08946499999996149,14,0.02664875749101725
150.4445,0.524185000000017,1782,28.0,3,-0.1089849999999899,20,0.1722792073031485
149.1685,-1.1386799999999937,2275,18.0,1,0.499494999999996,15,1.8972061019560442
150.4785,1.0022949999999753,4407,22.0,16,0.16977500000001555,22,0.6443602353793949
150.265,0.5593549999999823,5619,27.0,15,-0.06720000000001392,0,0.021132798268553188
150.3745,0.524185000000017,2816,28.0,0,-0.10853000000000179,8,0.1722792073031485
149.1275,0.09763999999998418,1767,12.0,2,0.11449500000000512,2,1.6546859288481812
150.58,0.47275499999997805,942,28.0,22,0.15039500000000317,19,0.4700469309095183
150.6585,0.4991550000000018,5893,28.0,14,0.05711999999999762,7,0.4073396771578075
146.389,0.36329000000000633,2341,2.0,5,-0.3399300000000096,16,0.34609651538301023
150.304,0.3696400000000324,12710,13.0,14,0.1911450000000059,7,0.40805163238192677
148.0515,1.4586699999999837,1865,26.0,19,0.09512999999998328,23,0.7049984229765016
147.586,-0.0745900000000006,9582,7.0,13,-0.757425000000012,3,-0.34646157967924296
149.116,-1.1519200000000183,1934,18.0,10,0.4550699999999779,13,1.8947426468304798
150.308,1.0204449999999952,2389,22.0,2,0.07524499999999534,2,0.5136265696776547
149.8285,0.10872000000000526,1652,6.0,6,-0.24023000000002526,4,0.07471354865012358
150.2535,1.0779249999999934,3077,20.0,9,0.06907000000001062,1,0.3891478712605192
150.0595,0.3304549999999722,3622,1.0,0,-0.39897999999996614,8,0.3748647373026017
150.1115,1.0189200000000085,471,19.0,21,-0.08834500000000389,5,0.30096550688932666
150.1015,0.25207000000000335,2944,1.0,17,0.15740999999999872,12,0.38825559075695537
147.2835,-0.6388949999999909,3753,12.0,8,0.041149999999987585,17,1.042156075136404
148.001,0.08375500000002489,10711,6.0,15,0.04887499999998113,0,2.9194052510798656
149.7615,0.4580850000000112,7247,29.0,2,0.11567999999999756,2,0.3330992607541816
149.3335,-0.02845499999997969,1606,9.0,6,0.6514249999999606,4,1.9336024262914293
150.5125,0.5376700000000199,2368,14.0,2,0.622870000000006,2,2.108052629096477
149.6125,0.41560500000002776,4727,29.0,8,-0.0831500000000176,17,-0.2714466875818857
147.2075,1.5925849999999855,5151,24.0,12,0.018045000000000755,21,-0.16134848307464722
148.8805,0.0011100000000112686,5649,7.0,0,-0.4546100000000024,8,-0.21761774525219835
149.8855,1.0915500000000122,1910,20.0,23,0.0029149999999731335,6,0.12209639700969888
149.928,0.16743500000001177,2720,5.0,19,-0.0034600000000182263,23,0.10300435077243719
150.7385,0.5103799999999978,2758,28.0,8,-0.022075000000000955,17,0.5456026513310803
146.9195,-0.5204550000000268,2305,11.0,18,-0.3843300000000056,11,0.8081218000826027
150.53,0.9919800000000123,1278,23.0,5,0.16864499999999794,16,0.6177948676457277
147.3195,-0.6388949999999909,2309,12.0,11,0.12431000000000836,18,1.042156075136404
150.2985,0.8796949999999981,3625,26.0,0,0.05333500000000413,8,0.39405191406964946
147.6615,-0.6873449999999934,1554,12.0,19,0.3501950000000136,23,1.1995554408998714
149.2335,-0.05087499999999068,3782,9.0,0,0.6539850000000058,8,1.7557950124731008
149.369,0.0036249999999995453,6035,9.0,8,0.6146050000000116,17,1.9650582237828758
149.9505,1.079305000000005,2037,21.0,6,-0.10957999999999402,4,0.02664875749101725
149.9295,0.9697749999999985,1840,19.0,10,-0.03595999999998867,13,0.11596883392465429
149.3425,-0.02845499999997969,1452,9.0,5,0.6670450000000017,16,1.9336024262914293
147.709,0.9233199999999897,5097,31.0,10,0.07773500000001832,13,0.23955495151736272
149.0145,-1.1121599999999887,2365,15.0,17,0.4345400000000268,12,1.8812202047439257
147.4865,1.5610900000000072,1802,24.0,21,-0.3453750000000184,5,0.28457965034579047
150.5815,0.5176550000000191,1945,28.0,6,-0.058144999999967695,4,0.31599966064132445
149.6855,1.090504999999979,5853,20.0,15,0.07001000000002477,0,0.17128870954638842
150.3745,0.524185000000017,2127,28.0,2,-0.11573499999997239,2,0.1722792073031485
148.1035,-0.9816649999999925,3783,14.0,16,0.08848500000001991,22,1.4093410024162267
146.3095,0.4072350000000142,2514,2.0,2,-0.3654850000000067,2,0.2191354727816588
148.7335,-1.0944549999999822,4620,15.0,13,0.37646999999998343,3,1.514344738206745
147.938,-0.029889999999994643,5943,7.0,7,-0.614024999999998,10,-0.4062326125089726
150.3705,0.27583000000001334,3188,1.0,12,0.01573999999999387,21,0.6863912065411739
150.4875,0.20903999999998746,1096,4.0,18,0.041465000000016516,11,0.7835502273000827
148.402,0.1680949999999939,10594,5.0,15,0.9307999999999765,0,2.9945914891055168
148.3105,0.1854099999999903,3085,5.0,11,1.0331850000000031,18,2.9180632229466994
150.4255,0.8796949999999981,2107,26.0,2,0.038129999999995334,2,0.39405191406964946
146.355,0.36329000000000633,3720,2.0,6,-0.3352999999999895,4,0.34609651538301023
147.598,1.0560150000000021,2011,30.0,20,-0.2301000000000215,9,0.37945387307169653
147.545,1.5567899999999781,5569,25.0,0,-0.3692700000000002,8,0.3326194025215443
150.4055,0.5503050000000087,2282,27.0,17,-0.09175999999999362,12,0.17797085921301914
147.6445,-0.6873449999999934,3139,12.0,16,0.2641299999999944,22,1.1995554408998714
150.384,0.8387150000000361,2259,26.0,6,-0.016919999999970514,4,0.4843244411652563
149.4615,0.28738000000001307,5393,13.0,7,0.06392500000001178,10,1.0485696317762745
150.2295,1.0438800000000015,3595,21.0,16,-0.06117499999999154,22,0.40063436241999284
150.1205,1.008199999999988,3237,22.0,10,0.15190999999998667,13,0.16984920127418945
146.6225,-0.43027499999999463,2048,11.0,11,-0.4845100000000002,18,0.5700771797853861
150.143,0.8885449999999651,2520,16.0,11,-0.1168949999999711,18,0.763747763336454
150.4345,0.20903999999998746,2438,4.0,17,0.030685000000005402,12,0.7835502273000827
147.158,1.205270000000013,4490,30.0,7,-0.24590499999996496,10,0.012566498947933269
150.153,1.0037800000000061,559,19.0,17,-0.09186499999998432,12,0.3540323702080457
147.454,1.2886649999999804,1951,29.0,21,-0.026149999999972806,5,-0.09062342142306079
147.6095,-0.8264750000000163,2225,13.0,18,0.2012099999999748,11,1.1642707541345203
150.015,0.15073500000002582,504,5.0,22,-0.06401500000001192,19,0.005615146721368092
150.2095,0.9141300000000001,2267,16.0,20,0.06549500000002695,9,0.33679679908340177
148.812,-1.0944549999999822,5037,15.0,14,0.3897999999999797,7,1.514344738206745
150.225,0.2209150000000193,1296,4.0,5,0.09280999999998585,16,0.5149610368068238
150.113,0.22523500000002628,1328,4.0,3,0.13266000000001554,20,0.20266056058528648
147.3295,-0.7320900000000279,2394,13.0,2,0.367795000000001,2,0.9097543101181316
149.3005,0.25341000000000236,3582,13.0,0,-0.05004499999998302,8,1.0222329529755427
150.66,0.6736350000000186,437,26.0,22,0.0803449999999657,19,0.5356334628529282
150.557,0.6507199999999784,5402,14.0,11,0.6886400000000208,18,1.9342937718692212
147.754,1.396729999999991,5472,29.0,7,0.2184649999999806,10,0.707755309170409
150.423,0.9953749999999957,1706,23.0,2,0.14770500000000197,2,0.5511558074390166
150.503,1.0038999999999874,1930,22.0,21,0.15949000000000524,5,0.6551500343206555
150.7205,0.42553000000000907,2497,13.0,18,0.35406000000000404,11,1.8065398557728543
147.848,0.0614800000000173,5074,6.0,17,-0.0025949999999568263,12,2.167926804543214
147.4595,-0.8264750000000163,4966,13.0,17,0.21010499999997023,12,1.1642707541345203
146.8445,0.5546349999999904,7793,1.0,12,-0.4419499999999914,21,0.4081731379331188
149.0085,0.03310500000000616,11483,9.0,13,0.4919599999999775,3,2.0086615768886134
147.285,1.5458299999999952,15901,25.0,13,-0.15453500000000986,3,0.32417542801925947
147.5795,0.9703700000000026,1938,31.0,4,-0.05631999999999948,14,0.387766486284562
150.4965,1.0038999999999874,3046,22.0,20,0.15888000000001057,9,0.6551500343206555
148.6035,0.0011100000000112686,3794,7.0,2,-0.5042700000000195,2,-0.21761774525219835
148.572,-1.0773750000000177,5393,15.0,8,0.31014999999999304,17,1.458765132087592
148.2425,0.28343000000000984,3911,2.0,18,0.23453000000000657,11,2.4321764248879276
146.6075,0.3252250000000174,2927,2.0,10,-0.2638550000000066,13,0.6042584493622485
150.5255,0.5376700000000199,4437,14.0,1,0.594949999999983,15,2.108052629096477
150.0785,0.8345500000000072,2563,15.0,6,0.07049999999998136,4,1.5159490856354978
150.3715,0.18690499999999588,2307,5.0,9,0.11439999999998918,1,0.6494091804081847
146.6185,-0.474964999999969,3896,11.0,12,-0.47435000000001537,21,0.6002002249710472
147.0285,-0.27589000000000397,5546,8.0,16,-0.5842050000000256,22,0.3653050254533525
149.7035,0.17790000000002237,10249,5.0,15,0.076989999999995,0,0.6171315989214179
148.3675,0.1854099999999903,5113,5.0,9,1.0954349999999522,1,2.9180632229466994
146.4775,0.7039099999999792,4823,1.0,2,-0.31049999999999045,2,-0.009313233658531317
150.3505,1.056414999999987,1851,20.0,6,0.026084999999994807,4,0.4002267313111645
147.7775,-0.18777000000002886,2212,8.0,5,-0.7205249999999808,16,0.5770937596279282
148.266,-0.07334000000000174,5350,8.0,2,-0.08227499999998145,2,0.23031591482089198
146.6215,-0.5640049999999803,3518,12.0,0,-0.2681249999999977,8,0.5870202556201889
149.175,0.03310500000000616,10923,9.0,14,0.4696399999999983,7,2.0086615768886134
147.792,-0.8911299999999756,1848,14.0,3,0.14533999999997604,20,1.0164321248322779
146.9545,-0.2160199999999861,4732,8.0,10,-0.578755000000001,13,0.7496887831936476
147.879,-0.0006099999999946704,1702,7.0,4,-0.2522249999999815,14,1.486711044515431
150.0865,0.27583000000001334,13267,1.0,15,0.10904499999998052,0,0.6863912065411739
147.6355,1.5336199999999849,4229,25.0,17,-0.09288499999999544,12,0.3373476863338567
147.3025,1.244595000000004,2517,30.0,2,-0.16429000000002247,2,-0.14808431621958107
147.6505,1.4905550000000005,2010,26.0,4,0.05843999999999028,14,0.5124573957490384
150.7785,0.42553000000000907,3185,13.0,19,0.39704000000000406,23,1.8065398557728543
148.046,1.4414150000000063,2146,26.0,21,0.12710499999997182,5,0.8553525294452697
148.052,-0.9581650000000081,6723,14.0,15,0.07270499999998492,0,0.9227633377356312
148.5085,0.15731999999997015,2274,5.0,19,0.7871299999999906,23,3.3361795251871342
149.939,0.9877900000000182,3230,19.0,13,-0.06845499999997173,3,0.15617663880382793
149.5685,0.0911700000000053,2537,6.0,10,-0.304505000000006,13,-0.2426927117558364
149.9265,0.8822250000000338,3782,16.0,0,-0.289180000000016,8,0.7570499155109758
149.2455,0.08164500000000885,2019,9.0,21,0.2957749999999635,5,1.8809706706535678
147.7835,1.3748150000000123,2569,29.0,11,0.19214500000001067,18,0.4193992521504697
149.826,0.8809499999999844,1864,15.0,23,-0.2995350000000201,6,0.8624289227222164
150.532,0.7538699999999778,5233,26.0,13,-0.005340000000018108,3,0.4643730482528383
150.4815,0.5384149999999863,943,27.0,21,-0.11274999999997704,5,0.25483766533167795
150.366,0.8387150000000361,3096,26.0,7,-0.019624999999962256,10,0.4843244411652563
147.0265,-0.27589000000000397,5794,8.0,17,-0.5884750000000167,12,0.3653050254533525
147.5245,-0.15873499999997875,4638,8.0,0,-0.8677299999999946,8,0.15991445030385876
148.9645,-1.1386799999999937,1662,18.0,3,0.5075450000000217,20,1.8972061019560442
150.387,0.21677999999997155,2346,4.0,11,0.0049550000000238015,18,0.5470399793283605
148.4625,0.08375500000002489,7378,6.0,13,0.09815000000000396,3,2.9194052510798656
150.3675,0.8387150000000361,1914,26.0,5,-0.002364999999997508,16,0.4843244411652563
148.0045,-0.0988450000000114,1955,7.0,19,-0.8812250000000006,23,0.0975611799252647
149.8925,0.3727000000000089,3969,29.0,17,-0.39068000000000325,12,-0.12135601056988321
150.434,0.20903999999998746,2762,4.0,16,0.017099999999999227,22,0.7835502273000827
146.985,-0.27589000000000397,4196,8.0,18,-0.5888900000000206,11,0.3653050254533525
149.9475,0.9502699999999891,1799,19.0,5,0.044060000000001764,16,0.09859327782183414
146.621,0.6487499999999784,3063,1.0,4,-0.366170000000011,14,0.08033062488732412
148.4925,0.1042850000000044,4288,6.0,8,0.29760500000000434,17,2.9167579033837114
149.7885,0.41560500000002776,3748,29.0,10,-0.1511199999999917,13,-0.2714466875818857
148.2305,-0.9816649999999925,1456,14.0,19,0.14943999999999846,23,1.4093410024162267
147.7765,-0.18777000000002886,1872,8.0,4,-0.7549949999999797,14,0.5770937596279282
148.277,-1.0543700000000058,1726,15.0,5,0.25228500000002896,16,1.2436868159481662
147.5665,-0.7548200000000236,3705,13.0,7,0.3547499999999957,10,0.8826008870459248
147.9095,-0.0006099999999946704,2924,7.0,6,-0.30870500000003176,4,1.486711044515431
148.0185,1.396729999999991,2012,29.0,5,0.2112549999999942,16,0.707755309170409
147.6485,1.552075000000002,5069,25.0,8,-0.29649499999999307,17,0.46712069312056315
149.9915,0.8465099999999666,2343,15.0,11,-0.1218200000000138,18,1.3124893681969638
148.588,0.08375500000002489,4403,6.0,12,0.13898000000000366,21,2.9194052510798656
146.011,0.8159950000000151,34761,31.0,19,-0.12031999999999243,23,-0.7281025367122709
150.499,0.5376700000000199,2088,14.0,3,0.642610000000019,20,2.108052629096477
147.391,1.0131250000000307,5491,31.0,1,-0.1337400000000173,15,-0.010228768685777823
146.549,0.3252250000000174,5100,2.0,8,-0.31293499999998176,17,0.6042584493622485
148.5395,0.13760500000000775,2683,6.0,3,0.4999250000000188,20,3.0743361853440945
150.112,1.0189200000000085,399,19.0,22,-0.08332999999998947,19,0.30096550688932666
150.7595,0.7147299999999746,2733,26.0,18,0.04305499999998119,11,0.6717806340587913
149.262,-0.0704849999999908,769,8.0,22,0.6197449999999947,19,1.7752549502679358
146.483,-0.24702000000002045,15594,8.0,13,-0.5747549999999819,3,0.24495522908551948
150.706,0.5103799999999978,2753,28.0,9,-0.004320000000006985,1,0.5456026513310803
149.2005,0.042475000000024465,3032,6.0,18,-0.389425000000017,11,-0.3192373719931254
149.3465,0.023165000000005875,2311,6.0,20,-0.4093499999999892,9,0.01630149476142151
150.334,0.9594699999999818,5248,23.0,13,0.1469850000000008,3,0.5743462351706228
149.35,0.0036249999999995453,2915,9.0,11,0.5325700000000211,18,1.9650582237828758
149.9365,1.079305000000005,1913,21.0,5,-0.10506500000002461,16,0.02664875749101725
149.499,0.28738000000001307,1957,13.0,4,0.0026900000000011914,14,1.0485696317762745
147.74,0.9233199999999897,3957,31.0,11,0.07563999999999282,18,0.23955495151736272
150.497,1.0022949999999753,2570,22.0,19,0.16399499999997147,23,0.6443602353793949
147.8205,0.015655000000037944,4461,7.0,0,-0.17923999999996454,8,1.6796463430893027
150.502,0.20797500000000468,834,4.0,21,0.07222999999999047,5,0.8211731724034621
150.531,0.4991550000000018,6997,28.0,13,0.04407000000000494,3,0.4073396771578075
150.323,1.056414999999987,1986,20.0,5,0.01041000000003578,16,0.4002267313111645
147.6065,0.9703700000000026,4714,31.0,7,0.02438000000003626,10,0.387766486284562
149.9305,1.0856200000000058,3865,21.0,0,-0.009769999999974743,8,0.09748745181184404
147.5805,1.552075000000002,3674,25.0,9,-0.2539350000000127,1,0.46712069312056315
147.189,1.0131250000000307,5944,31.0,0,-0.15456999999997834,8,-0.010228768685777823
146.2485,0.5546349999999904,17074,1.0,15,-0.3714300000000037,0,0.4081731379331188
146.2755,0.49702000000002045,7417,1.0,18,-0.3958149999999989,11,-0.35512616365411986
150.2925,0.938334999999995,4851,23.0,16,0.10848500000000172,22,0.4655650433899723
149.8395,0.15073500000002582,2744,5.0,20,-0.023529999999965412,9,0.005615146721368092
149.2095,0.39428000000000907,7628,29.0,15,-0.33482000000000767,0,0.09077319689311025
149.9685,1.0915500000000122,1988,20.0,21,0.0306550000000243,5,0.12209639700969888
150.679,0.48701000000002637,3970,28.0,16,0.07749999999998636,22,0.49292782555866665
146.7535,0.6487499999999784,3081,1.0,5,-0.4006649999999752,16,0.08033062488732412
148.6885,-0.08970500000000925,4918,8.0,8,0.076989999999995,17,0.9719295550608251
149.284,0.25341000000000236,2238,13.0,1,-0.04196000000001732,15,1.0222329529755427
148.91,-1.1386799999999937,2574,18.0,2,0.5097600000000284,2,1.8972061019560442
148.106,-0.05926499999998214,2026,7.0,20,-0.21403499999999553,9,0.3580535815411565
150.1165,1.0779249999999934,3540,20.0,10,0.07678500000000099,13,0.3891478712605192
150.2105,0.9058500000000151,4744,16.0,16,-0.0029899999999827287,22,0.5608465225251109
150.1925,0.4580850000000112,3988,29.0,1,0.14462499999999068,15,0.3330992607541816
147.5675,1.5567899999999781,3138,25.0,3,-0.3680150000000424,20,0.3326194025215443
149.448,0.28738000000001307,2178,13.0,6,0.040740000000027976,4,1.0485696317762745
149.259,0.08164500000000885,1751,9.0,20,0.31906000000000745,9,1.8809706706535678
149.2425,-0.0776649999999961,3308,8.0,17,0.4708750000000066,12,1.6636785956586095
147.8855,0.03674499999999625,347,6.0,22,-0.13201000000000818,19,1.9379015895429177
147.227,1.1647899999999822,6684,30.0,8,-0.26613499999999135,17,-0.030767319693126183
150.4705,0.9953749999999957,1105,23.0,3,0.15534999999999854,20,0.5511558074390166
150.3475,0.3136400000000208,2595,1.0,7,-0.18886000000000536,10,0.6388943953854778
149.3675,-0.02845499999997969,2260,9.0,4,0.6648350000000107,14,1.9336024262914293
149.32,0.0036249999999995453,3674,9.0,10,0.563839999999999,13,1.9650582237828758
150.6535,0.5176550000000191,3040,28.0,7,-0.0428749999999809,10,0.31599966064132445
147.7475,-0.8264750000000163,1891,13.0,19,0.1927699999999959,23,1.1642707541345203
150.2915,1.056414999999987,1724,20.0,4,-0.010365000000007285,14,0.4002267313111645
148.317,0.20238000000003353,2064,5.0,4,0.9313899999999933,14,2.77733595547906
150.14,0.8193949999999859,4344,15.0,1,0.2332699999999761,15,1.732165332282392
146.7625,-0.474964999999969,4486,11.0,13,-0.46215999999998303,3,0.6002002249710472
148.6225,-1.0944549999999822,4810,15.0,12,0.36353500000001304,21,1.514344738206745
149.2455,-0.0704849999999908,1798,8.0,23,0.6389499999999941,6,1.7752549502679358
147.639,-0.8591749999999934,1230,13.0,22,0.1944599999999923,19,1.2326326839728097
148.3535,0.23132500000002665,3323,5.0,2,0.832144999999997,2,2.7983952316617433
147.508,1.5336199999999849,6526,25.0,16,-0.12198499999999513,22,0.3373476863338567
147.587,1.3202800000000252,2198,29.0,18,0.05386500000000183,11,0.28534902339796986
149.0825,0.13958999999999833,4083,12.0,9,-0.04905500000000984,1,1.2681762779803876
147.4565,1.5769850000000076,3174,24.0,19,-0.31481500000001006,23,-0.3741671770321773
147.5485,1.4992349999999703,2244,26.0,3,0.04537500000003547,20,0.3943653912587024
147.1925,1.244595000000004,4804,30.0,0,-0.11307500000003756,8,-0.14808431621958107
147.6955,1.5129999999999768,2343,25.0,20,-0.01594000000000051,9,0.5295497487925047
148.9765,-1.1121599999999887,2868,15.0,16,0.42358500000000276,22,1.8812202047439257
147.9635,1.4586699999999837,1868,26.0,18,0.09450499999999806,11,0.7049984229765016
147.4805,1.4992349999999703,4577,26.0,1,0.03320500000000948,15,0.3943653912587024
150.223,0.9058500000000151,2982,16.0,17,0.01967500000000655,12,0.5608465225251109
150.4075,0.5953999999999837,1175,27.0,4,0.0852999999999895,14,0.20543470141879538
148.381,0.12378499999999804,3093,6.0,5,0.41315999999997643,16,2.9366321491857548
146.328,0.5546349999999904,10694,1.0,14,-0.3923650000000123,7,0.4081731379331188
148.0185,-0.0745900000000006,6590,7.0,15,-0.7904050000000211,0,-0.34646157967924296
150.595,0.4991550000000018,2374,28.0,12,0.030110000000036052,21,0.4073396771578075
147.4595,0.8756600000000105,10995,31.0,13,0.07242999999996869,3,0.5539830503634562
147.8675,-0.05071999999998411,3227,7.0,10,-0.6919949999999915,13,-0.5813773176812731
150.3745,0.5503050000000087,4166,27.0,16,-0.07673500000001354,22,0.17797085921301914
147.342,1.128085000000027,3102,30.0,12,-0.3223899999999844,21,0.11832552306600519
150.0565,0.8345500000000072,4391,15.0,7,0.03878499999999008,10,1.5159490856354978
146.308,0.760249999999985,25112,31.0,20,-0.12735000000000696,9,-0.4379660361778406
149.8145,0.15073500000002582,2033,5.0,23,-0.08731000000003064,6,0.005615146721368092
147.5375,1.5577499999999986,4745,25.0,7,-0.3040100000000052,10,0.3852999402140824
146.5355,-0.43027499999999463,2605,11.0,10,-0.4823599999999999,13,0.5700771797853861
150.679,0.6736350000000186,1083,26.0,21,0.0746149999999659,5,0.5356334628529282
150.2675,0.8193949999999859,4504,15.0,0,0.2650700000000086,8,1.732165332282392
150.3935,0.9953749999999957,3598,23.0,0,0.1452600000000075,8,0.5511558074390166
149.5315,0.8620200000000011,12412,15.0,13,-0.1939599999999757,3,1.2228341616052774
148.644,0.1478400000000022,1033,5.0,21,0.7053599999999847,5,3.2835570067054505
150.476,0.8139300000000276,324,14.0,22,0.3143349999999998,19,2.000354976209991
150.6745,0.6736350000000186,2699,26.0,20,0.06480500000000688,9,0.5356334628529282
149.6965,0.4373949999999809,2354,29.0,4,0.04856499999999642,14,-0.35546027307296413
150.0685,0.8751699999999971,3210,15.0,17,-0.2791750000000093,12,1.1406673451604945
149.2765,0.058400000000006,4275,9.0,16,0.4156099999999867,22,1.9023140663704794
149.999,0.17790000000002237,5715,5.0,14,0.09161999999997761,7,0.6171315989214179
148.3295,-0.0831749999999829,2220,8.0,4,-0.029834999999991396,14,0.6078362433420068
150.55,0.4580850000000112,2648,29.0,0,0.15662499999999113,8,0.3330992607541816
148.5765,0.15731999999997015,2977,5.0,17,0.865099999999984,12,3.3361795251871342
147.3015,1.1647899999999822,3752,30.0,9,-0.2869699999999966,1,-0.030767319693126183
148.2525,-1.0057899999999904,1465,14.0,23,0.20705499999999688,6,1.413987701236067
147.88,-0.9128849999999886,1585,14.0,5,0.12333500000002573,16,1.324481593970802
146.4645,0.3252250000000174,2720,2.0,11,-0.22827499999999645,18,0.6042584493622485
150.4565,0.5384149999999863,1320,27.0,23,-0.10832500000000778,6,0.25483766533167795
149.047,0.11663500000000226,5070,12.0,7,-0.010229999999978645,10,1.6275524610607874
150.465,0.636685,1991,27.0,2,0.09137000000001194,2,0.366324650699255
150.221,0.8193949999999859,2237,15.0,3,0.17589000000000965,20,1.732165332282392
149.254,0.042475000000024465,3921,6.0,19,-0.40131999999999834,23,-0.3192373719931254
146.8565,-0.5640049999999803,2490,12.0,1,-0.24788499999999658,15,0.5870202556201889
147.7415,0.03674499999999625,2085,6.0,23,-0.16091000000000122,6,1.9379015895429177
150.1755,0.21677999999997155,3639,4.0,8,0.03090500000001839,17,0.5470399793283605
146.5945,0.5966200000000015,6589,1.0,9,-0.5487750000000062,1,0.13639385869632292
148.391,0.23132500000002665,9299,5.0,0,0.7100199999999859,8,2.7983952316617433
146.8495,0.760249999999985,11337,31.0,21,-0.14403499999997393,5,-0.4379660361778406
148.6615,-1.0773750000000177,2103,15.0,10,0.34076500000000465,13,1.458765132087592
147.736,1.4905550000000005,5130,26.0,7,0.09013500000000363,10,0.5124573957490384
146.8895,-0.38997499999999263,1592,11.0,4,-0.5709349999999915,14,0.7104022912713788
149.3595,0.25341000000000236,1889,13.0,2,-0.03255500000000211,2,1.0222329529755427
148.6,0.1478400000000022,1849,5.0,23,0.6376750000000015,6,3.2835570067054505
147.43,1.2886649999999804,370,29.0,22,-0.053819999999973334,19,-0.09062342142306079
150.303,0.3304549999999722,2355,1.0,3,-0.30640499999998383,20,0.3748647373026017
150.3245,0.5953999999999837,2865,27.0,7,0.06255999999999062,10,0.20543470141879538
149.698,0.4373949999999809,4581,29.0,5,0.01700000000002433,16,-0.35546027307296413
150.2405,0.8848500000000001,2155,16.0,4,-0.23664500000001,14,0.9485383307609538
147.3015,1.205270000000013,1654,30.0,5,-0.20936500000001956,16,0.012566498947933269
147.254,1.2886649999999804,5618,29.0,20,0.0008949999999856573,9,-0.09062342142306079
149.9535,0.9877900000000182,2865,19.0,14,-0.08226499999997827,7,0.15617663880382793
146.4865,-0.43027499999999463,3764,11.0,9,-0.4905650000000037,1,0.5700771797853861
147.405,0.9233199999999897,7081,31.0,9,0.04681500000000938,1,0.23955495151736272
149.2245,0.03310500000000616,6306,9.0,15,0.443585000000013,0,2.0086615768886134
147.8845,1.4586699999999837,2889,26.0,17,0.08639499999998179,12,0.7049984229765016
149.2665,0.20483499999997434,1847,12.0,23,-0.05328500000001668,6,1.2171583765421872
148.463,-0.0831749999999829,3236,8.0,5,0.004405000000019754,16,0.6078362433420068
148.3865,-1.0301649999999825,2258,15.0,1,0.22713499999997566,15,1.384696971098606
150.2715,1.0389249999999777,2950,20.0,2,-0.045115000000009786,2,0.35762177971159304
147.51,1.4992349999999703,3078,26.0,2,0.03856500000000551,2,0.3943653912587024
149.961,0.41560500000002776,3451,29.0,11,-0.18713999999999942,18,-0.2714466875818857
149.9095,0.8751699999999971,3620,15.0,18,-0.2922200000000146,11,1.1406673451604945
149.221,0.3696400000000324,16321,13.0,13,0.1504199999999969,3,0.40805163238192677
149.2705,-0.0704849999999908,1401,8.0,21,0.6022399999999948,5,1.7752549502679358
147.8035,-0.2160199999999861,4074,8.0,8,-0.5969849999999894,17,0.7496887831936476
150.3395,1.0204449999999952,3807,22.0,0,0.04514000000000351,8,0.5136265696776547
150.7385,0.7147299999999746,4119,26.0,16,0.018465000000020382,22,0.6717806340587913
147.425,1.4750849999999787,12020,26.0,13,0.12128000000001293,3,0.5093297702428004
147.5845,-0.8591749999999934,1444,13.0,23,0.1927400000000148,6,1.2326326839728097
146.3495,0.8159950000000151,4182,31.0,18,-0.09798499999999422,11,-0.7281025367122709
147.0685,-0.6703050000000133,9322,12.0,12,0.15271999999998798,21,0.7073316764912931
147.499,1.5458299999999952,3501,25.0,12,-0.1767849999999953,21,0.32417542801925947
148.3595,0.23132500000002665,3346,5.0,3,0.8789699999999812,20,2.7983952316617433
149.9095,1.0962499999999977,2908,20.0,19,0.048964999999981274,23,-0.11432979217062211
150.5105,1.0038999999999874,463,22.0,22,0.1541300000000092,19,0.6551500343206555
150.3845,0.20797500000000468,2033,4.0,23,0.08154000000001815,6,0.8211731724034621
146.145,0.49702000000002045,8912,1.0,17,-0.397705000000002,12,-0.35512616365411986
147.878,-0.046799999999990405,5290,7.0,16,-0.3127250000000288,22,0.601022202301948
149.2715,0.07020000000002824,6028,6.0,14,-0.34149499999998056,7,-0.10523474639364849
150.577,0.7933700000000101,2599,26.0,9,-0.01842000000002031,1,0.40262821548520833
150.5935,0.7933700000000101,2043,26.0,10,-0.022375000000010914,13,0.40262821548520833
150.451,0.29511499999998136,4021,1.0,9,-0.11485999999999308,1,0.8064691314320669
149.909,0.15073500000002582,1665,5.0,21,-0.04219999999997981,5,0.005615146721368092
149.0865,-0.08583999999999037,9225,8.0,13,0.30858499999999367,3,1.4799820091359663
149.394,0.03310500000000616,4365,9.0,12,0.5171899999999994,21,2.0086615768886134
149.9365,0.9502699999999891,2493,19.0,7,0.024730000000005248,10,0.09859327782183414
146.4605,0.5546349999999904,11381,1.0,13,-0.412319999999994,3,0.4081731379331188
150.2995,0.2209150000000193,3135,4.0,7,0.05851499999999987,10,0.5149610368068238
147.2775,-0.6013149999999712,3801,12.0,7,-0.0035300000000120235,10,1.2321322497062397
148.3465,-1.0301649999999825,2083,15.0,3,0.24038999999999078,20,1.384696971098606
148.2295,0.28343000000000984,3028,2.0,19,0.2883850000000052,23,2.4321764248879276
147.4315,1.128085000000027,5450,30.0,13,-0.3244499999999846,3,0.11832552306600519
147.5675,-0.9581650000000081,10406,14.0,12,0.04792000000000485,21,0.9227633377356312
150.278,1.0779249999999934,4108,20.0,8,0.054279999999977235,17,0.3891478712605192
150.0455,0.9877900000000182,2167,19.0,15,-0.0916249999999934,0,0.15617663880382793
147.775,-0.9357650000000035,2322,14.0,9,0.07179500000000871,1,1.2167295481715428
149.6235,0.0911700000000053,2904,6.0,9,-0.29777999999998883,1,-0.2426927117558364
147.8005,-0.18777000000002886,4422,8.0,7,-0.6367350000000158,10,0.5770937596279282
147.5845,0.9703700000000026,2296,31.0,5,-0.03145000000000664,16,0.387766486284562
146.7295,-0.38997499999999263,4030,11.0,7,-0.5152249999999867,10,0.7104022912713788
147.734,1.3748150000000123,3256,29.0,10,0.20123499999999694,13,0.4193992521504697
147.8145,-0.9128849999999886,3071,14.0,7,0.09954500000000621,10,1.324481593970802
150.4575,0.8796949999999981,1444,26.0,3,0.029194999999987203,20,0.39405191406964946
150.3855,0.20032000000000494,2126,5.0,1,0.08537499999997067,15,0.6754403478319375
147.6715,-0.9357650000000035,2212,14.0,11,0.05138499999998203,18,1.2167295481715428
148.9995,-1.1121599999999887,1324,15.0,19,0.45644000000001483,23,1.8812202047439257
148.1965,0.28343000000000984,6846,2.0,16,0.12642999999999915,22,2.4321764248879276
147.2495,1.244595000000004,3381,30.0,1,-0.1438049999999862,15,-0.14808431621958107
150.723,0.7147299999999746,2515,26.0,17,0.028759999999977026,12,0.6717806340587913
150.2645,1.029894999999982,660,21.0,22,0.011859999999984439,19,0.34290790970592866
149.8105,0.10872000000000526,1367,6.0,5,-0.22016499999998018,16,0.07471354865012358
149.3485,0.18385000000000673,3891,12.0,16,-0.09596999999999412,22,1.369490227444004
150.06,0.8822250000000338,3212,16.0,2,-0.265059999999977,2,0.7570499155109758
150.6435,0.48701000000002637,2346,28.0,18,0.10104499999999916,11,0.49292782555866665
150.119,1.0698850000000277,3552,21.0,8,-0.1190949999999873,17,0.2770890505563841
147.719,1.3748150000000123,5552,29.0,8,0.22568999999998596,17,0.4193992521504697
150.653,0.48701000000002637,2473,28.0,17,0.08792499999998427,12,0.49292782555866665
147.7105,-0.6703050000000133,5598,12.0,14,0.22096999999999412,7,0.7073316764912931
147.8015,-0.18777000000002886,2457,8.0,6,-0.6795250000000124,4,0.5770937596279282
149.244,-0.05087499999999068,3624,9.0,1,0.6596949999999708,15,1.7557950124731008
149.1965,0.023165000000005875,1808,6.0,23,-0.43336999999996806,6,0.01630149476142151
147.1245,1.5769850000000076,4253,24.0,17,-0.25279000000003293,12,-0.3741671770321773
150.5025,0.7088149999999871,7174,14.0,13,0.6147750000000087,3,2.1052051868965407
149.3265,0.10872000000000526,6213,6.0,7,-0.2690200000000118,10,0.07471354865012358
146.8495,-0.24702000000002045,6718,8.0,15,-0.583014999999989,0,0.24495522908551948
147.63,-0.8591749999999934,796,13.0,21,0.1925250000000176,5,1.2326326839728097
148.432,0.1680949999999939,3536,5.0,12,1.0025950000000137,21,2.9945914891055168
149.9565,0.351034999999996,2704,29.0,23,-0.4238549999999748,6,0.21575372223409772
150.4915,0.636685,1969,27.0,1,0.08817999999999415,15,0.366324650699255
150.3455,0.18690499999999588,3230,5.0,8,0.11197999999998842,17,0.6494091804081847
148.71438995173298,-0.4220933833278925,3381,11.132770421606416,7,0.6182575552729037,2,2.3146898673253413
149.74469117360997,0.9944494365024639,2033,26.0,8,0.0009333538242197598,13,0.434304728432242
150.19635589267358,0.9382187001483202,1981,18.924139864945424,4,0.009223479965370275,15,0.49987334280488854
148.15128571433678,-0.3079051363347738,2035,8.88690476403244,19,-0.12231390720949137,9,0.6414363305149489
150.02361805194982,0.5467771176320917,7221,23.693966559720273,5,0.2922276506584289,2,0.9599561476761305
148.96652320581742,-0.6665391473881632,2113,15.0,8,0.29033034227727494,13,1.4710528621562768
147.639214401866,0.7054280340992729,3097,27.76250136612794,9,-0.17130290474777646,18,0.4500124284900056
147.1992434779468,0.906069825357946,2420,26.344025108316963,5,-0.29395528660158077,3,0.07884393241336962
148.00862934113601,-0.3325347961864459,3666,9.023364238886128,12,-0.44353191321025265,15,0.12417454020874175
149.96002788858513,0.7535306134370294,2380,20.226984502927003,14,0.05381531235131948,20,0.26290693599282144
147.85815945630802,0.9784360905499458,2947,22.908337482024,10,0.046090696692852345,16,0.8030492115808074
149.73962708522072,0.16581680129241522,3644,4.524726622928522,8,-0.1026221837366115,17,0.3907586274485505
149.04643486282606,0.11507896284553998,3763,23.9760623926894,9,-0.10750335579629348,12,0.17289959292410972
148.13135265826628,0.25214452994357167,4994,3.3894505999703997,11,-0.14107153953864748,19,0.37210251335450345
147.70277149468976,0.9548526192058175,5438,26.17028478085038,13,-0.3304578657500277,6,0.04850296979337515
147.7374763409431,0.7467584915224,5092,25.878355945488856,11,0.0612781333240682,12,0.6346123209548222
148.77784572216538,0.015803334307510464,763,6.845287923392699,22,0.45639778005444553,19,1.5007273182084244
147.8655188916564,0.9967843527745788,3245,29.12750413764871,2,-0.1284989502907386,2,0.08555297540947306
149.39302380874403,-0.6803743371418727,2558,20.779193375972515,4,0.37047238638302865,5,1.521569366264195
147.37364063057433,1.097501087309177,3101,29.269128841401592,11,-0.29999032163719147,20,0.20415131594590982
149.0069487577255,-0.004854488039712626,6011,8.493988480399008,7,0.30375453333632507,15,1.3651079840389018
147.3288899070588,1.2735919520876915,2515,29.537019174407433,2,-0.18135362130805963,3,-0.09869497953923399
149.47482073987962,0.6834828015700073,3749,11.390594087533138,13,0.2809035953643784,12,1.6166553890690085
150.03674340461166,0.8975046935079393,2164,16.504473497620562,4,0.06683462964494198,12,1.1602760963889562
147.11447882477614,0.3122566870691214,744,2.878143704747167,22,-0.10480010846403343,19,0.5575565222614096
148.5171397202421,0.20055437579656488,3540,5.957907380168615,11,0.9592948495381628,20,2.8759688199937354
147.5397275215508,-0.16598568662911328,4469,13.300727324289252,13,-0.32998635257500797,6,0.6094366015699002
148.72884710766758,0.015145552864600238,10577,8.426169913398791,14,0.23709966113050782,7,1.7437938492516418
149.02020318068642,0.2258757188949475,3567,10.418106442707415,3,0.2896805542685742,12,1.6587854276136693
149.04198562866947,0.12646343485812112,5391,7.449880662395666,15,-0.3255636376905225,20,-0.2726749825199509
148.32125379962702,0.039737581474428185,3755,21.00168636986261,9,-0.30195264278788514,7,0.10248508010975743
150.15869398669363,0.8211850794365338,3254,15.147841175784652,2,0.20011691227076076,2,1.716065482746931
148.7867300957581,0.15451051258653659,10992,12.673161854793403,15,0.3671796544890783,6,1.6001679759249803
147.45470572023285,1.56995048307888,3172,24.094023393911268,18,-0.3149337045348226,22,-0.36644953784221806
149.00323776471737,0.014050747118029033,3597,7.8139791365388085,4,0.7613666385201941,16,2.123104629190166
148.04151028397294,1.170875362820334,1870,22.549007190651075,19,-0.08273689386186278,20,0.6495274554276884
148.9596042299419,0.3685929196680644,7041,15.1653764910106,9,0.12118822973042934,12,1.408652678610016
148.17307219033464,0.8610838258679744,2550,22.867601332198213,5,-0.04877241251769909,8,0.26038466571692975
149.26948889114652,0.029491923450026145,4255,8.787542155955025,16,0.42016828304396625,22,1.851614088750378
148.25985868238948,0.3192544015884334,11085,17.657539878491335,16,0.22814382795759236,6,1.0458535710731183
149.9507403982885,0.9456371943320584,2035,26.0,8,-0.0047247732883851125,13,0.4266152219964821
148.1783161295767,-0.05388754197009393,2548,23.462025782320048,2,0.20295346011893622,2,0.9662536855887595
147.32308009631421,-0.49741708293002374,2397,15.059214389782996,2,0.29609800015808474,2,0.8010777188769796
149.46491969074089,0.600168457538041,4358,13.631439894412303,13,0.6131019329347269,17,1.7636320067741775
148.6089217216549,-0.4646901821913394,1784,9.586733889508478,9,0.14904078670017806,17,0.9870269010702378
148.3937248224475,-0.4065388110695066,2071,9.889276482489581,9,0.33787060029902843,6,2.26488285929162
147.92311275544887,-0.12334088195716508,1826,16.78887404973996,13,0.24139765972139085,15,1.0028810964498633
148.21490506335226,0.33049172285435924,3814,16.0185977449253,4,-0.24927332972285324,4,0.3329034054770982
149.49744028929,0.10782695072392579,4851,5.466349761584173,15,-0.04086527713471,20,0.20353139439904644
146.86179875965618,-0.03723875884805433,4749,6.639604439399117,8,-0.526621726984429,10,0.6021826440203876
149.23001232731355,0.38563541442445465,15951,7.800219711682903,16,0.055460402041874024,2,0.4315286637107979
147.71744034463927,1.4750584582286923,2009,25.742586638572327,4,0.05352533539693263,13,0.5189259455705455
148.69038993029392,0.24095731412156474,3091,8.340733785045188,5,0.3810795550248187,13,2.6289849197962223
146.31882744884734,0.2835979984733573,4511,3.195733488959865,17,-0.4151822177367823,18,-0.14536194921498324
149.029053702381,0.11580945534180737,5070,11.910193673299414,7,-0.010115721449251824,10,1.635640633532687
149.7500554570943,0.4610148551388068,1387,15.46430393327837,5,0.05755376858437938,16,0.9424136372158776
150.07586365938045,0.9064578838928299,2392,16.05667348915797,19,0.05541385457312768,22,0.5601122257856728
147.60302772820805,1.5047226569091483,4154,25.730520566041882,10,0.0337158181090428,13,0.5617207792488702
146.9528007187673,-0.531104424700305,3785,11.589507861905544,7,-0.20345403847684243,6,0.9603638485181534
147.05326644268308,0.17018702467606847,9200,4.430657007301551,15,-0.6100798220370066,9,-0.3501719610326592
147.26037827122528,0.09565936190426141,9265,5.212949088669662,14,-0.6585076133341,8,-0.34904225512734327
148.63701677633958,0.8884899953464807,4778,13.57622082726882,4,-0.049348785845176046,6,0.24217450602077986
147.70615796401316,1.1560068272162862,2517,29.75868601762776,2,-0.14343202593367585,3,-0.0643861338898948
150.03424555322636,0.24662808008781584,5763,1.1158019558558845,15,0.12098979168755719,21,0.3729217094498517
147.4800020653535,0.5197637194786404,11035,20.440867182485913,18,0.2924775200735734,2,0.9560659181769455
149.69683061156874,0.451755660758806,6147,14.169470878876494,12,0.33973777153154616,19,1.291121257654964
149.29848474825815,0.4206104585516808,3008,19.815100943334222,11,-0.20855858074566264,19,0.5624091049132447
148.00281098222177,-0.10454226809325087,1942,7.0,19,-0.8818414914890574,20,0.1613285354169242
149.2541474131504,0.9445988872325136,5185,26.290979312303502,11,0.1184974603278808,7,0.4366223366153212
148.84365736594904,-0.6561417529442317,3401,13.329471578218886,9,0.5416450677808609,2,2.1414311179754666
150.21971074082015,0.9746644223723308,2390,19.603006538103458,8,0.06769447059502039,10,0.5324908893853907
146.81052667218256,0.06164327769200373,4759,5.887183868507384,7,-0.4977873583780619,9,0.5205985396164028
150.36756700168,0.413267476294608,3988,24.403516439465776,15,0.03711036571407933,17,0.6242697893448477
150.04225892504442,0.2657445887150761,5766,3.0660379550631838,15,0.12206375363308158,21,0.33337897638355485
147.71995806793413,1.411392890712078,5589,28.02406908452301,8,0.17745568729562627,6,0.47705017687227935
148.65155345422397,0.17626763922692645,2976,6.036845207489463,16,0.8239037834400482,12,3.1799436019412632
150.14496969848753,0.8299621652751823,3253,15.125535563400739,2,0.19577731135976933,2,1.7027853724750481
146.908471354265,-0.521518970206661,3783,11.53346568175093,7,-0.2307485416884445,5,0.9232608390173731
148.02469678130052,1.4586699999999837,1865,26.0,18,0.09493963623081535,19,0.7049984229765016
150.12873455079713,0.8321345731596725,2154,14.882859998043791,6,0.1363790323064018,15,1.572692392604993
148.76086873898618,-0.6044954066527495,1468,17.25809536252051,16,0.14967054745704428,10,1.1110968609233822
147.4874684643707,1.3950904341660655,3198,26.258117193696393,13,-0.2484279674461813,16,-0.25676495169881974
149.27194098360408,0.15338799510410212,2279,10.862544547559345,17,-0.1562788690222532,11,1.1129582437488266
148.8308824452439,0.16878488776449135,2273,8.025036349473716,18,0.4050203727759825,18,2.4862785803594334
146.75734012580463,0.7699562355375401,4795,8.435964370361987,3,-0.22749480838842306,3,0.08910912133114063
148.46219650943652,1.3344929665409349,2150,23.95522697513263,20,0.16762899339780638,5,1.0504583724912397
149.4602316850806,0.21193428091258368,3689,7.830628506858,7,-0.19427781571901925,16,0.929581035053413
149.43909372627724,0.5007170616053207,5832,29.09654960982746,7,-0.07126034404011156,11,-0.27560355090389377
147.9766978176756,1.0231519947497827,5654,21.828091832388054,18,0.0353611415369222,12,0.0320364463895034
147.71417412385233,0.5245153426788798,2473,14.937102310796355,5,-0.5444739002782637,8,0.49882944504838417
148.2895125213064,0.36333059407252,3816,16.23522799450169,4,-0.23885785563834439,4,0.32266568240528337
148.25791373720153,0.5794807821981695,3755,7.8552148278461225,8,0.03909985782338027,13,1.0905158412419824
148.82264612220743,0.15483067430949593,2393,14.62445634329005,11,0.1991493572941016,13,0.7208258205252052
149.20708559716527,0.5390213273202297,3580,10.245926207548479,15,0.3233446057573105,15,2.0220365637527093
148.63459187811964,-0.0020579836850192212,4810,6.326045953384611,13,-0.2233773458269594,18,0.38884877568209375
150.2269293729086,0.6677213782391667,2040,23.20006355186446,11,-0.050618990507885375,12,0.39605947115666884
148.02745444759245,0.7777758760431577,4281,13.668779489387116,10,0.505516833225379,13,1.8557292063355302
149.6670543336914,0.91615232097777,9260,18.36427773389347,14,0.06300649744676512,7,0.23489937610624512
148.5578926420487,0.40793645530360345,11039,10.925263477054507,13,-0.268774709271595,5,1.1528862550761212
147.9468103597984,-0.5703396249623611,4074,13.38203168593026,15,0.22945378062477925,1,0.6888121192678958
149.63834616761287,0.8532468783745158,2149,26.66003986222295,19,-0.02811327419966589,16,0.408253625152824
149.9655578766717,0.2910233203205563,3694,3.2725406778279638,3,-0.31379295045428657,15,0.5594180840447325
146.99079688508064,-0.30108824980253224,3761,13.749044194867194,9,-0.43872337184851884,2,0.4415557185393756
148.3046131143052,-0.8446828140523854,3057,14.813591290967356,3,0.1476828032973928,11,1.5315601841290154
146.66109816191707,-0.30159461198058224,4491,9.216326506896829,14,-0.4514231774082497,6,0.4298011893057782
149.65217063786395,0.4458837733266076,7218,27.113806531837657,2,0.11643098443639564,3,0.4797387287600263
149.37297078015249,0.31626633322873604,2596,13.04844085398398,10,0.11490781901926304,17,0.8358802632313634
149.59355866217174,0.32063086431779897,1426,14.511304786861396,5,0.02752983971974622,16,0.9575529277606096
146.45170240835319,-0.1400269474130721,15791,7.0657435329304645,13,-0.5476181862618543,2,0.266739141497296
148.0015997066912,1.1939534913178471,4106,22.90868763951944,11,0.08031344824928,10,0.7027429518416481
146.53100815052613,0.744373013101006,4821,3.1702606507110858,1,-0.29572538934597203,2,-0.019698386070214957
150.42396122400558,0.6984679943546614,2995,26.284821251036256,12,-0.012725353600866471,21,0.3381288057426907
148.9729750455301,0.679557431966617,6927,10.834735031315802,15,0.1004387003564823,14,1.3224906526324027
148.52210335012776,-0.607577513651276,1914,12.164481332206627,15,-0.2553858302444506,10,1.1015637652566121
147.7911662320897,0.8592716524594088,2297,28.067732234822603,6,-0.07577415953842609,15,0.344197093463154
148.0876191713542,0.08057951439557232,2544,24.139079280715322,2,0.1649228009028222,2,0.8508560995170812
149.15482927140286,0.8638367070907593,6515,20.633079762391247,8,0.32596559119469004,7,1.1196433369751797
148.76912983879743,0.10229870207199132,3682,11.129440238864339,11,-0.19770119466466807,18,0.9870485284434347
148.88788344579643,0.11792361199786183,3683,4.148263348548304,6,-0.5618166791745702,18,-0.0036227970469445703
147.73907293284816,0.7368591622601259,5092,25.591199128032184,11,0.0603554410382167,12,0.6567621259223395
148.58156923064274,-0.20888589750124553,4067,12.0,15,0.051292636044538875,0,0.9131599075034332
148.07774477680724,1.4211503049941636,2006,25.040797507635766,4,0.050761584048621855,14,0.49451540690762125
148.0479636126358,-0.016332634577721196,3675,6.137023805913664,10,-0.6808522790498135,20,-0.2427136730586919
147.1479212696469,1.1412923494677227,451,16.587112714814438,22,-0.12388713490621064,19,0.3828452970254428
148.58495519601937,0.050978268827613915,1903,21.686211220689977,13,0.2889301564014769,12,1.346536583365277
146.32196708300572,0.13447075127826424,3764,4.931162897751339,3,-0.40344684339723663,10,0.3334318406530862
148.14715796367972,0.05039744534884735,1428,6.0,18,-0.11484348226495839,4,1.6596844730866198
149.5806149203051,0.35925742767764574,2584,15.398051007143879,10,0.09466391357021489,17,0.7807505791330601
149.3121341595665,0.2809635458167298,2531,8.458834411022774,9,-0.3102075546485161,13,-0.16142271478041081
149.78248302706047,0.3281274649544038,5791,18.89413730093347,9,0.011931333355260698,8,0.05407639028550737
149.8281566609861,0.3248849101717087,2414,3.675544941801064,19,0.15806708435612654,4,0.38215975292543436
147.03992979011423,-0.1967504386507629,3005,7.910544722393464,10,-0.5555809905825452,16,0.815619314182385
148.52115784431334,0.14421627189263003,2972,5.165943495312392,16,0.7677073477424016,11,3.1827258931107534
149.70284730787807,1.0573400507410284,2396,23.596972303142092,2,0.015488292631796352,2,0.41360418778193186
148.80030081615493,-0.7772427859252389,3652,16.35155937530638,14,0.37627313204349055,2,1.4015844797831718
148.27427472236474,1.3827705929731713,2148,24.878486522670592,20,0.14933152793151439,5,0.962363835747085
146.46534369282574,0.08265707891404167,4473,5.263058803232388,17,-0.4156941808757897,13,0.052135093444752534
150.03537669926956,0.5636062404808687,3628,9.794572586597186,13,-0.1393105697312913,13,0.8597506030287952
148.66159477921144,-0.366933596004662,3382,10.457437625077628,8,0.7315177412895861,10,2.355736349260834
147.70290506990938,1.1731421278654333,5656,29.71624417421802,14,-0.15842359239656695,16,0.4568201929222131
147.37012467518352,1.1008996185882942,3101,29.35034436534744,11,-0.30247940824712327,20,0.1946142222258947
150.18239750415006,0.7582010369082584,2151,18.22323192000208,8,0.04854314145406269,17,1.1565645749961058
148.1101617410396,-0.09941844820104268,3787,7.932145978196298,3,-0.5010762348422207,1,-0.0340560811473436
150.33504274805503,0.7486178630939104,3745,13.97070069321115,16,0.4500974721696891,11,1.9909764414175788
149.1746080824626,-0.7199524124212859,3487,16.458569163115076,8,0.24656189142874313,4,1.541587682826772
149.4174750824906,0.1079849480280745,1420,6.0,6,-0.14797032653486317,2,0.48613434855290855
147.49740716140897,1.3886406529145734,5641,27.48971771618014,13,0.04798056733521719,13,0.2553525117909325
147.80077002139785,-0.05584507663098365,3673,6.722328283982991,11,-0.7158851908309274,20,-0.31307959363848004
150.34235343916868,0.681728721690774,2178,21.251546911477334,14,0.1748926350717405,11,0.8599419759548568
149.91435568884805,0.8077178754129777,1320,14.122781801470591,19,-0.286890737962025,4,0.7827987684236846
148.09016868769143,0.1253233296783658,2397,12.891607546219559,8,-0.3436802416619221,9,0.4341247961403032
146.36258857343503,0.41872235790924023,8981,1.8218643000379,16,-0.4485825094938487,11,-0.35393931161351455
147.47563703720627,1.1669776113925303,5466,29.842367724263344,12,-0.23902276448725862,2,0.16578446014611126
150.15135700401723,0.5653658071016373,2968,27.015140953428688,12,-0.0075643417666179935,21,0.02507040626549306
149.91950268841637,1.0642787819790587,2198,20.48999359491105,2,-0.03706455802467973,3,0.2180582049156778
147.45434109699693,1.0194758146529843,2522,28.866505030194066,2,-0.10062064296687682,2,0.04510955051328122
147.6549187818459,0.6967420385015244,4107,20.870510455802673,11,0.17298897401041707,8,0.6371823055057252
149.0688784598838,-1.0098417940978244,2366,15.050702526698165,17,0.41536455791541255,12,1.8142739228696716
149.09631843615333,-0.9772652137357511,2366,15.442774683473813,16,0.4118133243002072,11,1.7947150849028872
148.89427110472275,0.0962527839474317,5861,4.315730232357201,11,-0.2787239157578288,15,-0.050795835046376414
148.1129044746238,0.7743600181435453,1827,23.004659774448136,15,0.13792388119514146,21,0.8516852422952212
148.09398933684903,0.9754416482632414,1671,22.524901360018802,5,-0.2160513468524695,16,0.17401004401147024
147.20296962526325,1.187473521187511,432,17.632334656897296,22,-0.10735107051874739,19,0.40107194226508447
149.77156341974754,0.9557267741902158,3856,19.323201112634212,0,-0.06899693212872163,7,0.05974687725183239
147.4686153396887,1.3768148662022168,5638,27.668363972975904,14,0.04241097253584705,12,0.21442817196899172
146.97079699597435,0.8434374117613881,15780,18.33983657302272,13,-0.31916640442849264,3,0.29313898851241477
148.89342619253713,-0.3180185996861875,1446,13.468150822928306,12,0.09232306547809677,12,1.2196404017067497
147.97949132661256,1.2617701219544233,4352,22.752511318225036,15,0.24228910956139815,20,1.0472318939259202
148.2597774350464,0.8368051136922864,2115,16.725490887357505,12,0.3176984808920612,3,1.8843517363171902
148.3732345209251,0.11688049069258,1427,8.238108942677792,15,-0.06599583741636823,8,1.65355561701625
148.54372850320175,0.5102570112538444,14811,12.72467255324836,15,0.06936284574351763,0,0.6346431307224036
147.87310507906693,1.372068728302556,1980,24.719785956268378,4,0.05839955178211505,15,0.5652526583319945
146.4513425105495,-0.14370247018518545,15743,10.116634469075017,13,-0.5211705578636376,2,0.2733943133646514
149.27512336957523,0.11301201937612358,6210,5.944034171650552,7,-0.19223460367542594,10,0.23384396845926422
146.24319372067833,0.4129117175135692,4516,1.8653249019938802,18,-0.4071738232475415,21,-0.2724593922931958
149.10655029748233,0.20485857400326538,2720,4.288480119083866,17,-0.05678011400939997,21,0.2218884362848861
149.8530056748448,0.6565155802549258,1135,27.641948132721346,6,0.04879617697220012,19,0.23724642454777478
148.64656325726185,0.050238410371521325,2393,14.432888403186066,10,0.21903730227589713,12,0.7431056692436827
149.81688999882616,0.30425463838130196,5779,16.686203283882907,10,0.02459475491555088,8,0.14355216857231073
147.49477930849693,-0.5414865398283144,2416,11.249159867617266,3,0.0010570225105794862,2,0.7932672216663754
150.05436117338402,0.5166168122394557,3630,9.009500348781415,12,-0.11624907274545071,14,0.8173832971631121
149.23028088944417,0.18298869570637752,2272,11.772742930441154,17,-0.06837386093217408,12,1.433339376949411
149.57986935139488,0.14610670718657343,4955,7.93893798610316,12,0.029434972841460745,16,0.7430832583393261
147.3309879211869,-0.3227731824779758,2389,16.8914861811106,6,0.24384658691258437,2,0.7883627323179484
147.97301758362025,0.5638448235992675,5155,9.900758059715931,9,-0.13990087396072398,11,0.5930046794880373
150.1074913757896,0.8774731130474218,3622,20.598727850092,8,-0.11634105434195585,9,0.7606585626735164
148.03193949763613,-0.09175378556407243,1955,7.110161917575587,18,-0.8649960381043631,22,0.11502199903968091
149.61849146292192,0.24132106653009866,6257,7.9572113140974166,7,-0.02087618679924269,7,0.5296624801946508
147.97585266548904,0.8655548949283107,1878,18.887859263892807,18,-0.2718263963890133,10,0.590678472234667
150.10450316611272,0.8197485138564397,2560,15.593575345856719,6,0.06767275496802443,4,1.4716434148398763
149.42664292894028,0.8736817480173013,3081,16.178511920683107,7,7.186233862591096e-05,5,0.509439715703523
147.7130476849329,0.04693021520209628,2451,11.706573202812983,6,-0.6027955650897805,4,0.4819818679600242
149.43058959535742,0.2507645129002001,1958,12.807022835987102,3,0.01925515975887207,15,1.1655362358472108
147.66942128023086,0.10636448349212668,4097,17.039661825807862,13,0.20357830032093707,4,0.6674772499820343
149.93113380282242,0.6491579871749946,3609,21.214668774240057,0,0.015280573683157862,8,0.6252868633701643
149.61081784538234,0.6354741693544622,3276,11.872467042264757,2,0.3997671722694546,2,2.0656322473655573
150.35566058718936,0.6591293779028137,7188,16.972457749203016,10,0.5158724133107746,2,1.754037854058511
146.64051089454148,0.3066449069431751,5098,2.2817887437766378,8,-0.29107242031406955,16,0.7144144847346799
149.93350673192813,0.22703715063626914,3689,3.5314163170752186,3,-0.07681824991382458,14,0.8780449546754638
149.20342151543977,0.49642200929577085,4346,11.47239716487433,12,0.7274778565445673,16,2.0523980011527634
149.93316309440527,0.6504314489775711,3609,21.241102432133022,0,0.015490782264155886,8,0.6240095462411424
149.97720486748082,0.694748303105539,2148,15.0,5,0.12321720891410329,15,1.5117677428834906
147.73233315582843,-0.5907777940180707,2396,11.24728141046366,4,0.3428355569855914,2,0.8381805685134534
146.70933896340185,1.2091888508752398,16563,28.013932128786095,14,-0.07313622803181626,1,0.4396128574231121
149.47852560098084,0.18920671850571932,5954,17.556687576629447,7,0.33196263514067614,14,0.9722606341136156
147.99921446529294,1.3397417876000546,1787,19.918867381298675,18,-0.32584411881130165,6,0.3474494530965866
149.2158822404164,-0.6221408358948464,2571,17.214679742191514,3,0.3947734078516974,2,1.7974031491733289
149.03788035045588,0.9127014126700739,6954,21.15430144793338,10,0.2208815194688215,9,1.1501182371065188
147.99547380035628,-0.07655686862206412,1896,7.590842219110719,19,-0.8537119611719529,9,0.4090911724315925
149.22093170649717,0.8563721667188359,3081,15.01045232751018,7,-0.03076676919776225,6,0.4764177045429575
148.8077269242626,0.2219948416219053,2941,14.950669831932679,8,-0.18956620023596166,10,0.9040946070768382
148.5367874058694,-0.1520042051209547,3365,8.397125430225202,7,0.8278777502150698,12,2.514900204115526
149.14560912647877,0.5616676878371895,6138,14.712832012181945,13,-0.2886674453146865,17,0.03828377561992252
149.42638636863765,0.16350778254816678,2535,7.50517526597384,9,-0.2957113270867353,12,-0.23675928605105967
148.8280271130148,-0.8879752928926735,1924,15.170431659814673,12,0.11057905775441423,11,1.5101403553852026
147.6294039831332,0.8910053538670346,3675,18.746563662510646,11,-0.19604252873411232,19,0.2365878169590681
147.03793901891123,-0.5495141021423001,3789,11.697141616828354,7,-0.15103263264801176,7,1.0316233216594193
148.4095477096663,0.11889215285251226,2980,5.308789686190569,16,0.7163729915947286,12,3.069952303668807
149.00649173725475,0.07385354955656545,1962,11.394700601994574,4,-0.02886842354253312,20,1.4661805942197026
147.85017149872428,-0.68350596973473,1373,12.067634508048293,8,0.0783421037767813,11,1.4726505479103924
147.88609422321838,-0.01919384583133025,9684,6.543472780199258,14,-0.381101700304022,5,0.41617925467027983
149.35604360616873,0.35411988301789776,2973,15.769205234355907,14,0.43721500057259516,16,1.7134332268386798
148.40826695400239,0.2455174870653013,2276,7.820410385214338,17,0.6983326333411927,22,3.0163435730785886
150.44706077093224,0.48354212880438896,1156,18.763528072352187,8,0.07337668687462656,16,0.5157362484892285
148.1898945866839,0.007920150305022494,3677,8.926187092749638,11,-0.48304450961800594,19,0.27555734049853864
150.08328896170542,0.6213561097183002,1152,24.83490250258473,4,0.052735779379023906,19,0.3450660251400889
148.7815319156371,0.08165860548711522,7726,7.796716482729028,2,-0.3577093260857911,13,0.04675815710549758
147.54273993526877,1.3430364654063471,5576,29.0,13,0.13759363667659455,3,0.2312649146495523
150.10032458232084,0.800334200017216,2156,16.593779985224327,5,0.0951900690257282,15,1.3087528562881097
148.52777603383464,0.8239331289945335,12009,20.98791329554274,15,-0.17527583929497684,3,0.6012886875086811
149.65238525466663,0.42893289064983287,2971,19.86309300010397,13,0.2745555353490529,18,1.0965500796470826
148.6936409842536,0.14478147443401268,4298,6.27953784949162,11,0.8609122476836526,15,2.5931408500895836
148.82252178410724,-0.8805497732845537,3081,15.546416953669766,1,0.47262622227389595,9,2.10973261257245
147.3997003985602,1.3543007983726958,3138,26.976398328723388,15,-0.3185727028900106,22,-0.12985810211872753
148.86842611001876,0.47321932916445936,4300,14.036120602309426,16,0.31939047225704487,22,1.547618420537316
150.01823416390818,1.105923340535409,1988,20.68422638598729,4,0.01588723221985886,15,0.4130252616320443
149.9087588476596,0.6165755727529105,1348,11.8331649516547,14,-0.251238859591669,3,0.5749570440488277
148.38190739323463,0.0610393812900835,1426,6.0,16,-0.12096518816040777,4,1.4428171899421744
148.23195761944592,0.6072348957319653,5165,11.337413476450328,10,-0.10843675209098785,10,0.5909583202239935
149.64189711364932,0.3470113877495814,2178,23.977234300151725,8,-0.017739238336577673,14,0.08309205922449939
148.84497603386575,0.9736466299071516,2383,22.320732652082654,20,-0.0475046374737359,15,0.47895120522168383
147.40763213139212,1.1020959450942012,4757,30.51964282944955,3,-0.041647494878011726,9,0.13036671095648222
149.57881511777194,1.1614706883608354,4390,23.395130656682397,16,0.14223337692378038,22,0.6655097839999904
149.89782931698608,1.058919410372709,3863,20.65532060120962,0,-0.02194456876439319,7,0.0897295753918613
147.65905146789555,1.1467950489206709,6626,28.660536269011423,9,-0.23001636049388519,17,0.03343789215998344
149.59815273269854,0.3666448305222381,1960,13.395556114488858,4,-0.015133099258676421,13,1.0110152879091039
149.45117357646873,0.16971440777596955,5813,2.752495223947391,13,-0.08345502007398908,18,0.15619946047260824
147.59683636690875,1.4294796310328768,5651,26.87278365930461,11,0.06721451478174324,14,0.3966799565644729
148.2931646605949,-0.032777245492355375,10001,7.776503171134085,14,-0.28817864208919153,7,0.5679187200638844
150.0831712357298,0.8008083673316129,1270,18.937115804640527,15,-0.1720261354873734,9,0.6996605918779426
149.0659215427824,0.36489501746600106,2007,11.027642836849223,15,-0.17754008073943714,10,0.5396081665699606
150.14561749178282,0.8384904714738664,3241,15.303922831033995,2,0.06074587970625722,2,1.4358054942323295
149.25882154896235,0.1772158866611701,3687,3.2699568690710272,5,-0.5092463767675148,17,0.10196813262349447
149.9221556566996,1.060504953384915,2197,20.399807704263566,2,-0.03471348701040859,3,0.2393790758816227
150.1875184418325,1.0277905398279037,2390,22.317945725000747,2,0.06334786840262352,2,0.4937128312455189
147.0017272597477,-0.13008449587103965,4730,9.665992291713337,9,-0.5350672495277147,12,0.7234731415914858
148.0492484560568,-0.07654778139134713,1955,7.250907883863923,18,-0.8640159037669992,22,0.10340280861886036
146.5566077869063,-0.23633987473736817,15546,7.8570127630514275,13,-0.5607871896249207,2,0.25397233061495894
147.4051451394288,1.1519276113268961,5474,29.85152191227503,14,-0.276143396549108,3,0.08730118335611738
149.11842102523457,1.1097227019950613,6927,22.58702322071501,12,-0.014382895598698847,9,0.11901634559357885
148.72684465628757,0.3110648496836351,5432,10.957162665984532,16,-0.2838641190461296,19,-0.2699644789196838
148.38707736285966,-0.37752145994578923,1435,13.0,15,0.12068867501132279,10,1.1553100778321166
148.9798249097501,-1.0616621568544473,2363,15.387973037761121,16,0.42324052775838195,12,1.8450064687497807
149.37121603147466,0.4277973327548843,5710,11.825222532347617,14,-0.017302361349241416,11,0.5774125493971454
147.69780934628685,1.3722369676122752,5554,29.0,9,0.21100841062078268,1,0.40413686130946663
150.58660296710434,0.8000769501591116,2041,25.84701590619623,9,-0.021539069414116964,13,0.4025669840051833
149.41882031528928,0.32090340953875807,3749,26.984786697518786,9,-0.18912300441447832,11,-0.17723279358888788
150.19976795433848,1.029143017651892,7303,21.41721767649622,13,0.13363943341147222,4,0.3039047595840989
148.77458924946018,0.003190164218258757,10504,8.44445265273698,14,0.12554091744712276,7,1.3544703658341208
150.06833772475855,0.2116757251968483,5733,7.418146579903958,14,0.08799278013012377,7,0.5950747459603678
150.4058118894106,0.5879270055796973,1456,26.31041363242663,4,0.07038264681082157,15,0.21693115895156265
149.19031420488886,0.4912218318409898,4345,11.364177505153217,12,0.7332108248476048,16,2.066872081365787
147.57816609932237,1.4218111130598061,5649,26.988628132436247,11,0.06360287025774193,14,0.3701422687899518
149.18666887440173,-0.0240809915345499,4184,8.558940778230017,15,0.41504059621119416,21,1.6243371247620277
149.25184393620876,-0.8117344320964801,3475,17.494270785554715,13,0.265644446779176,4,1.666450245051742
146.5644269578261,-0.4471253500209447,3767,11.098517013686578,8,-0.4425837662391617,1,0.6353008681700476
150.32169500628953,0.6184419566120504,3729,9.710836538674224,11,0.18461943705876804,12,1.4671538480786475
149.54168815489038,0.3531277772201401,1410,13.221533356538,6,-0.014416947900020738,14,1.02795144374372
149.9689982267893,0.3188925465692216,4013,19.800773459854604,15,-0.014579876304128894,10,0.7923598950188999
149.04187017438485,1.1444328116078317,2148,20.61691797629798,13,0.11680373849099113,10,1.178629388222277
147.37306302340997,1.3429108377823389,1711,27.679037078596004,11,-0.261977361156712,11,0.11778857203604626
150.2583914266754,0.7009801296017373,2151,20.638932768489326,11,0.005439992522910345,19,0.8872183135939192
147.87304802594235,-0.6646367523124368,1800,13.93997282475991,10,0.27355529362205655,17,1.0638791838666666
149.60588757438887,0.3628692607868651,1407,14.071377530327165,5,0.0370192475520712,16,1.0024173914841292
148.5909848911887,1.096970291179564,2960,28.354228799666437,12,0.12029176579217435,21,0.3733181594063326
149.82456799795918,0.39856678502890563,1434,18.05361661711786,5,0.042307605608753754,16,0.7442210107386268
148.6488525539566,0.1005407323660289,2245,9.741806688876256,11,-0.17954921972223253,13,1.4224316804510353
150.41705702311958,0.7493041010662255,2175,17.544880532233528,17,0.27202867882164783,10,1.442870084688154
149.8521662746733,0.539013731600237,7273,27.962119504966605,3,0.12201107101970494,2,0.3368562867424424
149.8809324471493,1.025556303114027,2386,23.14957618533163,5,0.03947593699339791,2,0.4943463525851628
148.56893381683724,0.9954589240698553,2891,29.0,14,-0.03687906691031123,17,0.29944255111420753
147.93381167590445,-0.0018710185985412464,9768,6.400713011504947,14,-0.2597605366063418,4,0.6546632363178446
148.22788165687538,0.29910118181228706,3664,20.93758322969474,12,0.2616975797104874,9,1.018973664153796
150.43923128090756,0.6633287990961997,6403,14.39243835574832,8,0.7204482357112182,1,1.8860959378868634
149.28028132677852,0.33499329714999077,2973,14.72256777967176,14,0.478800285368683,15,1.8711446844941833
148.44153885170502,0.12726221048944275,1427,8.528060619730217,15,-0.06068495823447227,8,1.6167180037861422
148.6777031302539,-0.3095003330488503,1389,13.497290459230971,4,0.0789803139350869,15,1.1857780181633095
147.0903067430369,0.025076143912541482,3005,11.226178284813294,11,-0.46280384644302197,18,0.7176683242273343
148.34594967758878,-0.16860777334383314,3778,19.233629836323757,8,-0.06633067220841651,11,0.5923479284100426
147.67718197353165,1.3991594954912001,4239,23.404921290113982,10,-0.16994780000015675,13,0.5793915187372869
149.16176447746196,0.03257221702041142,10912,8.982976819886744,14,0.46274148393295256,7,2.0008040400688576
149.987355173308,0.18597961043435163,5719,5.7472616059035175,13,0.08733414333111911,7,0.58684907541495
148.70045879947028,0.19446640181555086,3550,7.4728501966176495,8,0.6772173711290643,16,2.3849230898718288
147.17460403183594,-0.5010485954667743,3797,11.005836056385917,6,-0.039105162558299406,10,1.13142376264467
148.72461475579107,0.501273164207902,1968,16.056862262888103,3,0.08156233906350115,18,1.3236956551678993
149.46872304467084,0.4398644356044025,2062,15.218529064661691,5,0.2797676368596436,7,1.8428753067224732
149.8394439766173,0.7629297353732452,4011,27.44829569680782,14,0.09254221782652117,19,0.5215308474156721
150.2233306939403,0.47456605262960916,3633,12.555083468999493,4,0.03962729646408824,13,0.48754790350795074
149.8481433095082,0.5736579592660163,1755,6.677099273949238,8,-0.16026850805651563,17,0.6539055604671626
148.55511112160013,0.7641173228563791,2419,16.809063491140495,12,-0.03260216778353858,4,0.197766197727702
149.3902452117724,0.032666311133098924,6042,9.335009909682906,8,0.5967921043397842,17,1.9213834324077956
148.02740364396274,1.0876276624678347,1855,23.839637044936524,17,0.1294781091678363,22,0.7748633554725068
149.12640374806315,0.1856750605233013,4272,10.363349435702364,15,0.36035941202474997,21,1.7800221866489765
149.8843742385389,0.22896735616263306,3620,6.994436403599815,5,0.003971708125417361,14,0.7051438836643571
148.78111045199978,0.10817077588744696,4985,5.559333906965862,16,0.024168855160456377,16,1.2579854944215803
148.31112651525757,0.19452517091341426,7145,3.5745400447470255,11,-0.0653615737705533,19,1.5977350186433594
148.95862206563623,0.02981041227758563,2408,4.514016916307444,14,-0.07859771128079673,3,0.3976857841879005
147.65180950063905,1.4905550000000005,2009,26.0,4,0.05861590958583597,14,0.5124573957490384
148.1985029153292,-0.8725400129107728,1720,16.207028467516274,5,0.2151366871980992,16,1.1446203313110368
148.70987503642056,0.18391297948652952,5899,17.06594594028008,7,-0.3541428652568459,10,-0.3830020841442266
150.24433852153274,0.883219670607988,1983,15.973424952923187,9,-0.13128757267046653,13,0.7662708148572187
149.052060155625,-0.3923694810804277,1466,18.980337590138863,14,0.1372882882413277,11,0.9509875524156791
148.90932792880457,0.23741373376339947,4194,11.286621469668617,14,0.3075595476011658,20,1.4323472490595983
149.52928693836958,0.6257054362069018,4361,14.162883901060287,13,0.5849485303754893,17,1.6925528405600445
147.53814490088774,1.5035191366227934,2500,25.865878931794256,3,-0.3166571660897907,11,0.2929307021747514
148.19657186347777,-0.5565476599517863,2045,10.773827644907405,18,-0.030591933772212643,10,0.9248218003471202
147.447261585741,0.917006811759647,4692,27.61794518387931,8,-0.023684072019265867,11,0.30401636413170263
149.48955036962775,-0.056280573900236996,2541,7.438717637763068,9,-0.20688021522390654,11,0.013866468770459273
146.25251674089913,0.7981394848096512,22520,31.0,18,-0.08307501584412288,6,-0.11230586941187204
149.24350052519566,0.6096206290781714,6153,15.338050799607323,14,-0.2622932606444191,17,0.07431723216839903
149.21762581904727,-0.38735085484694176,3520,15.276763212986822,5,0.1452102131457518,5,1.36412223945463
150.46984921301095,0.6500362093337801,2159,22.08200769525297,19,0.0708735838662165,17,0.8673917102656592
147.83716381580288,1.4975236495317958,1841,25.241287843550026,19,-0.07197824923851509,16,0.5455100061791527
147.59739161279546,1.322801635842306,5566,27.831482185680247,10,-0.09736552513169566,10,0.37762169522938716
148.16598535254536,-0.879727333834805,1467,13.032645110886929,20,0.13922730073531175,8,1.4773390339020511
150.0246430626249,0.9147173442876233,2168,16.91581656799179,4,0.05611125858625532,11,1.063030369112154
149.09739557773503,0.7829956725790799,8912,11.693211074737487,14,-0.17380698211345505,5,0.34112361091061977
148.94150751089634,0.1303853128062241,3684,11.785117957004056,11,-0.11278437338838651,18,1.1987849416698881
148.32438826161928,0.13991967505022437,10457,5.232196674287823,14,0.7334403732472434,0,2.6067007835100435
147.5312003508613,1.312559242093478,1802,22.829276525061637,19,-0.2764944200579506,6,0.3740688501105218
147.21268526423455,0.8713431047887594,15697,25.936193300588766,14,-0.056252820983143645,0,0.7656663464893926
147.72590737109076,0.08676047483805316,4735,11.45148711897431,9,-0.4051131483923459,12,0.6660978920305329
148.36870122966124,0.034312180168422524,3661,19.809385632721202,13,0.2898840582196033,7,1.1130989056429113
147.9548201531602,0.9267052946806521,5111,30.25083381894038,10,0.08421996975481402,12,0.2709067399456828
148.8714697817719,0.12520679254925543,1956,10.480641479177981,10,-0.3684597978220653,17,0.6492477573521749
149.22352731462018,1.1305911089123288,1983,20.02063269567531,7,-0.053290597793288735,14,0.6627131365334309
148.28283219157146,0.2165041773280302,9626,10.570652854577704,14,-0.2217482544707986,7,0.9124309666933456
148.13519253751346,0.060344969875978344,6040,6.161774548295594,7,0.10559574141549966,12,0.9870220766279805
146.44879344887264,-0.13008246164600828,15809,6.978908921570907,13,-0.5450959509254715,2,0.26876385059468183
148.394490158466,0.2771573881841485,11061,16.383881536765415,16,0.2636716589966205,6,1.1874975560039849
148.6512764973349,1.3279817133571608,2001,23.753167826376263,4,0.04045410845014931,14,0.4704301511280077
148.3581842238104,-0.5772663897670707,2068,11.10955454728227,12,0.27504458413318167,7,2.0109132218275745
148.40563521509034,-0.8632744631253289,1471,15.157078160224977,18,0.1647760530580067,9,1.3064192180389176
147.99139969113182,-0.02537404483248734,3675,6.2709557431764384,10,-0.6888686635447305,20,-0.25881511156402537
148.6263103729945,1.0405720861482446,2379,26.526755388978465,13,-0.06560499392808467,4,0.4377056975008055
148.02158919556265,-0.46616126921954104,1450,9.859103199179259,20,0.028119614942748533,6,1.6851718692354911
149.73334676914996,0.08973273966378961,3631,6.373339940150565,4,0.3293714841934505,16,1.1207972989324468
149.61149029794268,0.695163160047633,3748,11.78764885009373,14,0.308060321289196,12,1.675745573711516
148.8076102714421,0.15206820619074382,6191,5.434760644272434,7,0.5064912222550039,13,1.6818866866577038
147.28644025258455,0.8419143821275731,2419,26.811617095515885,5,-0.11309300934329225,3,0.18083580949184994
147.99261312879497,-0.3117041505638194,3785,16.8414668217899,7,-0.04556247577812221,10,0.8039247474225586
150.20913558015022,0.9339106005934403,1294,18.815948885414223,13,-0.07674698283851833,10,0.7457400414967803
149.04890491275054,0.6470822335673849,3751,10.153216064158476,11,0.19627260988148743,12,1.4325072493961297
149.89609161434683,0.1310537352417102,1418,6.065090362772123,2,-0.15966598615811686,2,0.04594291322176635
149.6098874911071,-0.4746083854516444,2551,22.026970604758787,5,0.307936287230714,6,1.3529193654603167
149.60748892359055,0.4891066219688709,2977,19.332488359411496,9,-0.11755143042913557,15,0.8231336003947732
150.07082832243867,0.2323687047810576,2412,1.05189627256445,20,0.1928412024902682,4,0.4193987198132934
149.88968261049118,0.8475940503866313,3620,14.821330823361503,17,-0.2638736884533759,11,1.1589847374682116
149.8999456676769,0.47286834966576063,12979,5.705875049592317,14,0.007194737899872378,1,0.8667078863815836
149.3360539337314,0.5617300891439923,5700,11.156032452637866,12,0.09244227004901541,9,0.611118007843593
147.92580878196375,1.1957261016709317,393,21.5938065269997,22,0.13153943129633985,19,0.7791446268247479
148.50498105316768,-0.043648881255992644,3794,7.371489241449186,2,-0.4670660954473659,2,-0.10990444006858402
149.81718186651216,0.33554715146808994,5908,21.505722917388553,11,-0.1504324567909181,7,0.15574139735634607
150.01675599679012,0.6096952792231403,3627,10.56460163649917,13,-0.1619301730721644,13,0.9013060863476621
146.97464807208956,0.5446887790313899,5098,12.641201802238935,8,-0.16958333420409605,15,0.47043487975708154
150.11466473543547,0.7325075833304556,1092,26.781305618800413,5,0.08221681078648828,19,0.38417285661112766
148.15776349153765,0.8359313078165084,2965,18.617447429669934,14,0.47748503285088384,17,1.750359738899617
147.8377148722706,1.0461672415067844,5708,29.928218710843623,15,-0.2885921135176418,21,0.4122746130279552
