low,volume,ma20_1_ma50_1_diff_1,ma50_4_ma100_4_diff_4,low_lower_bb20_4_diff_4,time,trend_strength_1,day,hr
146.8305,4413,-0.4341699999999662,-0.474964999999969,0.6002002249710472,0,0,0,15
148.969,3649,0.4100400000000093,-1.0944549999999822,1.514344738206745,0,3,1,15
147.377,5716,0.13005500000002712,1.6098849999999914,-0.03696748847346498,1,-4,2,9
149.8945,1418,-0.16041000000001304,0.12961000000001377,0.045447024845231,2,0,3,2
150.0635,6158,0.10255499999999529,0.17790000000002237,0.6171315989214179,3,-1,4,13
148.1185,4849,-0.5765700000000038,-0.029889999999994643,-0.4062326125089726,4,0,5,6
147.8585,1492,0.11183499999998503,-0.9128849999999886,1.324481593970802,4,0,6,6
149.303,1261,-0.06581500000001483,0.20483499999997434,1.2171583765421872,5,0,7,21
147.9965,2348,-0.1443349999999839,-0.05926499999998214,0.3580535815411565,6,0,5,23
149.8125,9228,-0.23413999999999646,0.8620200000000011,1.2228341616052774,7,0,1,14
146.8155,3642,-0.43809000000001674,0.6487499999999784,0.08033062488732412,4,3,8,6
147.542,3042,0.18096999999997365,-0.8911299999999756,1.0164321248322779,8,0,6,0
149.193,6870,0.35151500000000624,-0.08583999999999037,1.4799820091359663,7,0,9,14
149.9345,1998,-0.3057399999999859,0.8809499999999844,0.8624289227222164,9,0,1,20
149.216,4291,0.6343549999999993,-0.02845499999997969,1.9336024262914293,10,0,10,7
150.727,2674,0.44225500000001716,0.4724499999999807,2.1767775013374546,9,0,11,20
147.8215,5474,-0.029570000000006758,0.0614800000000173,2.167926804543214,11,-4,3,18
149.8475,2228,0.0615449999999953,1.0962499999999977,-0.11432979217062211,12,1,12,17
150.39,1681,0.12254499999997392,0.18690499999999588,0.6494091804081847,13,-1,4,10
146.3215,1956,-0.34776500000000965,0.36329000000000633,0.34609651538301023,14,1,13,4
150.518,1805,-0.08903500000002396,0.5176550000000191,0.31599966064132445,14,2,14,4
149.895,2787,-0.02401500000001988,0.9697749999999985,0.11596883392465429,1,-4,15,9
150.299,3166,0.04138000000000375,1.056414999999987,0.4002267313111645,10,-1,12,7
150.265,4713,-0.04915499999998474,0.5593549999999823,0.021132798268553188,7,1,16,14
150.191,2185,-0.0033100000000274576,1.029894999999982,0.34290790970592866,5,1,17,21
149.65,5306,-0.11752500000000055,0.41560500000002776,-0.2714466875818857,1,1,18,9
150.464,2110,0.08176500000001852,0.924350000000004,0.6076546131306202,5,2,19,21
150.1945,4073,-0.05687000000000353,1.0389249999999777,0.35762177971159304,15,0,12,1
147.6375,10156,0.1113550000000032,1.4750849999999787,0.5093297702428004,7,0,20,14
147.6955,1983,0.06448499999999058,1.4905550000000005,0.5124573957490384,16,0,20,5
147.6835,15966,-0.03106999999999971,0.2901300000000049,0.6132193070106098,7,0,13,14
149.968,2085,0.03919500000000653,1.0915500000000122,0.12209639700969888,9,0,12,20
150.4055,3603,-0.023159999999990077,0.7933700000000101,0.40262821548520833,17,1,20,8
150.5355,2009,0.15758000000002426,0.47275499999997805,0.4700469309095183,6,0,14,23
150.1085,2906,0.08065500000000725,1.0779249999999934,0.3891478712605192,18,0,12,11
150.152,418,-0.09400999999999726,1.0037800000000061,0.3540323702080457,11,0,15,18
147.5,3130,0.02540500000000634,1.5129999999999768,0.5295497487925047,6,1,21,23
150.4255,2629,0.0762149999999906,0.20797500000000468,0.8211731724034621,19,0,22,22
149.3115,2084,-0.073174999999992,0.20483499999997434,1.2171583765421872,9,0,7,20
147.597,4042,-0.36985500000000116,1.5567899999999781,0.3326194025215443,2,0,21,2
149.161,4325,-0.10713499999999954,0.158945000000017,1.0772406370057297,7,1,7,14
146.327,735,-0.3704850000000022,0.4526050000000055,0.11103625597422706,19,2,8,22
150.526,3150,0.1834400000000187,0.9919800000000123,0.6177948676457277,10,-1,19,7
148.3615,3427,0.37359999999998195,0.12378499999999804,2.9366321491857548,4,0,3,6
149.9755,2537,0.17976500000000328,0.22523500000002628,0.20266056058528648,15,0,22,1
147.6355,4121,0.1320299999999861,1.4872549999999762,0.596617507482506,13,0,20,10
150.4865,1376,0.064485000000019,0.20797500000000468,0.8211731724034621,9,0,22,20
148.274,566,0.19185999999996284,-1.0057899999999904,1.413987701236067,5,0,6,21
148.2805,2574,-0.052379999999971005,-0.07334000000000174,0.23031591482089198,20,0,9,3
149.841,3996,0.182060000000007,0.22523500000002628,0.20266056058528648,8,0,22,0
147.7315,3949,0.08020999999996548,0.8756600000000105,0.5539830503634562,21,0,23,12
150.596,1514,-0.07482499999997572,0.5176550000000191,0.31599966064132445,16,0,14,5
146.6735,3879,-0.2920750000000396,0.3252250000000174,0.6042584493622485,1,0,13,9
149.244,2083,-0.09410499999998478,0.18385000000000673,1.369490227444004,11,0,7,18
150.208,2985,0.15216000000000918,1.0039099999999905,0.35843857683505576,21,1,24,12
149.9165,1310,-0.3005500000000154,0.8809499999999844,0.8624289227222164,5,-1,1,21
150.514,5137,0.26676999999997975,0.42553000000000907,1.8065398557728543,22,3,11,16
147.1595,5487,-0.28893999999999664,1.5769850000000076,-0.3741671770321773,11,0,2,18
147.5815,2142,-0.2555849999999964,1.093244999999996,0.4716453186718468,23,-1,25,19
147.8785,2795,0.21818999999999278,1.396729999999991,0.707755309170409,4,-2,18,6
150.228,2428,-0.25510499999998615,0.8822250000000338,0.7570499155109758,20,1,26,3
150.4005,4261,0.16165499999996769,0.9594699999999818,0.5743462351706228,21,-2,19,12
149.3355,7867,-0.332650000000001,0.07020000000002824,-0.10523474639364849,3,-2,3,13
150.2945,3354,0.04490999999998735,0.8796949999999981,0.39405191406964946,15,0,20,1
150.4585,2151,-0.10805999999999472,0.5503050000000087,0.17797085921301914,23,1,16,19
150.207,4061,-0.06775000000001796,1.0389249999999777,0.35762177971159304,8,0,12,0
149.8845,2409,0.05904499999999757,1.0962499999999977,-0.11432979217062211,11,2,12,18
150.479,4561,0.4971050000000048,0.7602449999999976,2.004990429254775,22,-2,6,16
147.469,3172,0.10281000000000518,1.6098849999999914,-0.03696748847346498,13,-5,2,10
149.1035,1654,0.4940499999999872,-1.1488349999999912,2.0216960600894254,4,3,27,6
149.1185,3446,0.37875499999998397,-1.1537649999999928,1.7730560612569093,3,1,27,13
149.922,3638,0.08475999999998862,0.9295349999999871,0.08944481503311863,8,-1,15,0
149.2295,6824,0.40022500000000605,-0.08583999999999037,1.4799820091359663,0,0,9,15
148.6075,2925,-0.5115999999999588,0.0011100000000112686,-0.21761774525219835,20,0,5,3
150.42,2202,0.6588399999999979,0.5934450000000311,1.9418984815173133,14,-1,6,4
146.261,3279,-0.39463499999999385,0.4526050000000055,0.11103625597422706,9,0,8,20
147.5295,2523,0.16743999999999915,-0.8911299999999756,1.0164321248322779,15,1,6,1
147.7805,4369,0.26789999999999736,-0.7972299999999848,1.3904187167419195,3,-1,11,13
150.191,2732,-0.002004999999996926,0.21677999999997155,0.5470399793283605,1,0,22,9
147.5875,2497,-0.34856999999999516,1.5577499999999986,0.3852999402140824,14,0,21,4
147.633,525,0.40136499999997,-0.704654999999974,1.1782427479914475,5,-3,7,21
150.0835,4748,0.12557499999999777,1.012124999999969,0.410625522650065,10,-3,24,7
150.596,4771,0.572669999999988,0.5376700000000199,2.108052629096477,8,0,6,0
147.7115,5553,0.21749000000002638,1.3748150000000123,0.4193992521504697,1,0,18,9
147.793,6014,0.11665500000000861,1.4872549999999762,0.596617507482506,1,3,20,9
150.1145,2288,-0.07377999999999929,1.0189200000000085,0.30096550688932666,6,0,15,23
150.553,3281,0.16867500000000746,1.0022949999999753,0.6443602353793949,12,0,24,17
149.1245,4576,0.5087900000000047,-0.0776649999999961,1.6636785956586095,11,0,9,18
147.7145,2932,0.0031199999999955708,0.9703700000000026,0.387766486284562,4,1,23,6
147.8985,5001,0.1494899999999859,1.353334999999987,0.5412596205965485,7,0,18,14
147.7375,5665,0.09442500000000109,1.4872549999999762,0.596617507482506,17,2,20,8
147.0345,1566,-0.5742249999999842,-0.3083249999999964,0.5236160817273685,5,1,9,21
148.998,4367,0.20903999999998746,-0.08970500000000925,0.9719295550608251,18,7,9,11
148.5605,7798,-0.4826100000000224,0.0011100000000112686,-0.21761774525219835,15,-3,5,1
149.9065,2325,-0.46490499999998747,0.351034999999996,0.21575372223409772,9,0,18,20
150.167,2124,0.07994000000002188,0.9141300000000001,0.33679679908340177,5,0,26,21
148.1215,2400,0.1865099999999984,1.4192050000000052,0.9172250142003122,2,-1,18,2
149.1315,5381,-0.3620999999999981,0.042475000000024465,-0.3192373719931254,22,-1,3,16
147.6465,3833,0.13289000000000328,1.4750849999999787,0.5093297702428004,21,1,20,12
150.4885,2173,0.3649249999999995,0.8139300000000276,2.000354976209991,9,2,6,20
146.4705,14043,0.04274499999999648,0.8756600000000105,0.5539830503634562,7,-2,23,14
150.3835,3251,-0.11254999999999882,0.524185000000017,0.1722792073031485,15,-1,14,1
150.39,7643,0.22533999999998855,0.3696400000000324,0.40805163238192677,0,2,11,15
147.417,6586,0.03372999999999138,0.9233199999999897,0.23955495151736272,17,-1,23,8
147.512,2334,-0.33029500000000667,1.5610900000000072,0.28457965034579047,9,2,2,20
146.363,1591,-0.3599100000000135,0.4526050000000055,0.11103625597422706,6,0,8,23
146.25,5170,-0.06283999999999423,0.8159950000000151,-0.7281025367122709,12,1,23,17
147.892,3565,0.2872000000000128,-0.7972299999999848,1.3904187167419195,21,0,11,12
147.7505,5518,-0.3413850000000309,-0.0006099999999946704,1.486711044515431,10,0,5,7
149.287,868,-0.4229050000000143,0.023165000000005875,0.01630149476142151,19,0,3,22
148.077,5881,-0.35359499999998434,-0.029490000000009786,1.085504238779066,3,0,5,13
150.373,3745,0.45937500000002274,0.7602449999999976,2.004990429254775,12,-3,6,17
150.2475,2229,0.0004500000000291493,0.21677999999997155,0.5470399793283605,13,0,22,10
148.21,1473,0.17309499999996092,-1.0057899999999904,1.413987701236067,9,0,6,20
147.0865,2525,-0.5726250000000164,-0.24702000000002045,0.24495522908551948,21,1,9,12
150.1145,2817,0.03875999999999635,0.9058500000000151,0.5608465225251109,11,-1,26,18
150.676,1187,0.14035999999998694,0.47275499999997805,0.4700469309095183,5,0,14,21
149.9585,1730,-0.13311500000003207,0.12961000000001377,0.045447024845231,15,0,3,1
148.93,4380,-0.09987499999999727,0.158945000000017,1.0772406370057297,21,-3,7,12
147.6155,4445,-0.3702250000000049,1.5567899999999781,0.3326194025215443,15,0,21,1
150.2985,3340,0.06080000000000041,1.0204449999999952,0.5136265696776547,15,0,24,1
149.3775,2597,0.11104500000001849,0.33049999999997226,0.8254973659525433,18,-2,11,11
148.1335,2770,0.10855499999999552,-0.9816649999999925,1.4093410024162267,12,0,6,17
150.318,3105,0.09931499999999005,0.938334999999995,0.4655650433899723,12,0,19,17
147.62,9718,-0.3408450000000016,-0.029490000000009786,1.085504238779066,7,-1,5,14
150.583,4935,0.7184149999999647,0.6507199999999784,1.9342937718692212,13,0,6,10
146.5135,2995,-0.1836150000000032,0.2901300000000049,0.6132193070106098,21,0,13,12
148.2725,5489,1.1101850000000013,0.20238000000003353,2.77733595547906,10,0,4,7
147.6625,3602,0.28946500000000697,-0.6873449999999934,1.1995554408998714,12,1,7,17
148.5105,2272,-0.545880000000011,-0.029889999999994643,-0.4062326125089726,16,0,5,5
149.1445,1963,0.08853000000001998,0.09763999999998418,1.6546859288481812,20,0,7,3
150.271,1513,0.08224999999998772,0.2209150000000193,0.5149610368068238,4,2,22,6
147.7705,3197,0.08624499999999102,-0.9357650000000035,1.2167295481715428,17,-2,6,8
147.593,4540,0.09514999999998963,1.3202800000000252,0.28534902339796986,22,-2,18,16
150.1305,362,-0.09262999999995714,1.0189200000000085,0.30096550688932666,9,0,15,20
148.5065,2684,0.8244449999999972,0.15731999999997015,3.3361795251871342,11,-2,4,18
150.166,2817,-0.10616500000000428,0.8981749999999806,0.6215445992698676,21,0,26,12
147.5015,3120,0.3581299999999885,-0.7548200000000236,0.8826008870459248,4,0,11,6
150.3545,1751,0.08639499999998179,0.938334999999995,0.4655650433899723,23,0,19,19
150.183,3255,0.20300000000003138,0.8193949999999859,1.732165332282392,2,0,1,2
147.713,2577,-0.33323000000001457,1.5577499999999986,0.3852999402140824,16,1,21,5
150.3125,4048,0.01899499999998966,0.21416499999995153,0.7109254790885586,7,0,22,14
150.0875,2413,0.19691000000000258,0.23540499999998588,0.4197241909742786,5,0,8,21
148.0355,594,-0.16545500000000857,-0.05926499999998214,0.3580535815411565,19,0,5,22
147.7685,10644,-0.32935500000002094,-0.029490000000009786,1.085504238779066,0,0,5,15
147.7335,9416,-0.7691350000000057,-0.0745900000000006,-0.34646157967924296,7,0,5,14
147.7735,2443,-0.03155000000000996,1.5336199999999849,0.3373476863338567,23,0,21,19
147.5875,2197,0.030994999999990114,1.3202800000000252,0.28534902339796986,23,0,18,19
146.2425,3765,-0.3613700000000222,0.4072350000000142,0.2191354727816588,15,-2,13,1
147.8075,2062,-0.7921649999999829,-0.15873499999997875,0.15991445030385876,20,-1,9,3
150.2275,2307,0.1028400000000147,1.012124999999969,0.410625522650065,16,-1,24,5
150.656,2791,0.11154999999999404,0.48701000000002637,0.49292782555866665,23,0,14,19
147.336,2373,-0.17367500000003133,1.0560150000000021,0.37945387307169653,6,0,25,23
149.9655,4873,0.05814000000000874,0.16743500000001177,0.10300435077243719,22,0,4,16
149.7445,3841,0.06435000000001878,1.0962499999999977,-0.11432979217062211,22,0,12,16
147.2765,2425,-0.22410500000000866,1.205270000000013,0.012566498947933269,4,1,25,6
150.628,3082,0.18016999999997552,0.9747699999999782,0.7022888278579558,1,1,19,9
150.1485,2561,0.15156500000000506,1.008199999999988,0.16984920127418945,18,0,24,11
149.9895,4137,-0.07793499999999653,1.0562699999999836,0.10246852192128131,7,1,17,14
150.5285,4265,0.18315000000001191,0.9747699999999782,0.7022888278579558,17,0,19,8
148.936,3078,0.4879099999999994,-1.1386799999999937,1.8972061019560442,8,0,27,0
148.393,5313,0.33695000000000164,0.12378499999999804,2.9366321491857548,10,1,3,7
150.2795,1805,-0.028750000000002274,1.0389249999999777,0.35762177971159304,20,0,12,3
146.4765,4811,-0.3243750000000034,0.36329000000000633,0.34609651538301023,10,4,13,7
147.9055,3752,-0.39329000000000747,-0.013685000000009495,1.143103942902087,13,0,5,10
148.4085,6175,1.102985000000018,0.1854099999999903,2.9180632229466994,17,1,4,8
150.175,2969,-0.015345000000024811,1.029894999999982,0.34290790970592866,9,0,17,20
150.527,3214,0.08574500000003127,0.636685,0.366324650699255,8,-2,16,0
150.591,601,0.5150350000000117,0.4724499999999807,2.1767775013374546,19,0,11,22
146.9545,3014,-0.5798350000000028,-0.2160199999999861,0.7496887831936476,18,0,9,11
150.0115,4360,-0.001090000000033342,0.8465099999999666,1.3124893681969638,17,0,1,8
150.4805,461,-0.11276999999998338,0.5384149999999863,0.25483766533167795,19,0,16,22
148.006,894,-0.874924999999962,-0.12583000000000766,0.39959402440103986,5,0,5,21
146.328,2590,-0.38846000000000913,0.4526050000000055,0.11103625597422706,5,1,8,21
150.2035,2688,-0.1560750000000155,0.8885449999999651,0.763747763336454,1,3,26,9
150.46,858,0.16176999999998998,0.9919800000000123,0.6177948676457277,14,0,19,4
150.4445,1270,0.09596499999997832,0.20032000000000494,0.6754403478319375,20,2,4,3
149.9045,2203,-0.05036000000001195,1.0856200000000058,0.09748745181184404,2,-1,17,2
147.9945,1885,0.1977850000000103,1.396729999999991,0.707755309170409,14,0,18,4
150.6685,4690,0.010400000000004184,0.7538699999999778,0.4643730482528383,0,2,20,15
150.452,1536,0.08943500000000881,0.20032000000000494,0.6754403478319375,2,1,4,2
149.9875,1701,-0.09654499999999189,1.0698850000000277,0.2770890505563841,18,0,17,11
149.2435,4182,0.4370649999999614,-0.0776649999999961,1.6636785956586095,22,0,9,16
146.326,2151,-0.363459999999975,0.4072350000000142,0.2191354727816588,20,0,13,3
150.087,2393,0.056344999999993206,0.9058500000000151,0.5608465225251109,23,0,26,19
149.531,3770,-0.28892999999999347,0.0911700000000053,-0.2426927117558364,17,0,3,8
146.9365,1715,-0.35285500000000525,-0.5204550000000268,0.8081218000826027,23,3,0,19
150.463,1381,0.07474500000000717,0.5953999999999837,0.20543470141879538,4,0,16,6
149.84,2778,-0.4176750000000027,0.3727000000000089,-0.12135601056988321,11,0,18,18
147.098,7497,-0.3380849999999782,1.128085000000027,0.11832552306600519,7,0,25,14
150.1415,2837,0.036589999999989686,0.5769300000000044,-0.044087290287933456,1,0,16,9
148.274,2062,0.12623000000002094,-0.9816649999999925,1.4093410024162267,11,1,6,18
147.7125,3752,-0.19678500000000554,0.015655000000037944,1.6796463430893027,15,0,5,1
149.321,3149,0.11059500000001776,0.3696400000000324,0.40805163238192677,21,-3,11,12
150.408,1456,0.07962999999998033,0.5953999999999837,0.20543470141879538,16,1,16,5
149.0105,2916,0.4002050000000281,-1.1537649999999928,1.7730560612569093,21,0,27,12
147.8115,3775,0.2515799999999615,-0.7972299999999848,1.3904187167419195,7,-2,11,14
146.874,2326,-0.5200649999999882,-0.38997499999999263,0.7104022912713788,4,0,0,6
147.708,4575,0.33569999999997435,-0.7740799999999979,1.1254111690473962,1,1,11,9
147.9755,6090,0.02303999999998041,0.0614800000000173,2.167926804543214,22,-2,3,16
147.2855,1728,0.35775499999996896,-0.7320900000000279,0.9097543101181316,20,0,11,3
148.998,3685,-0.08495499999997946,0.13958999999999833,1.2681762779803876,18,-2,7,11
149.976,2573,0.018734999999992397,0.16743500000001177,0.10300435077243719,11,-1,4,18
147.3295,2137,-0.14069499999996538,-0.6013149999999712,1.2321322497062397,14,-1,7,4
147.4365,2814,-0.36663500000000226,1.5610900000000072,0.28457965034579047,6,0,2,23
148.0325,3044,-0.2883749999999736,-0.046799999999990405,0.601022202301948,12,2,5,17
149.9595,1739,0.038145000000014306,0.9502699999999891,0.09859327782183414,4,-1,15,6
146.6495,11770,-0.10913500000000909,1.5925849999999855,-0.16134848307464722,7,0,2,14
149.993,3102,-0.028035000000016908,1.0856200000000058,0.09748745181184404,15,0,17,1
147.5485,2121,0.35355500000000006,-0.7548200000000236,0.8826008870459248,16,0,11,5
150.2345,2432,0.09246499999997582,1.012124999999969,0.410625522650065,14,0,24,4
147.7385,2241,-0.27204500000001985,1.093244999999996,0.4716453186718468,11,0,25,18
149.1765,1744,0.03844000000003689,0.11663500000000226,1.6275524610607874,16,-1,7,5
150.145,1083,0.10521499999998696,0.2209150000000193,0.5149610368068238,14,0,22,4
148.4345,2275,0.45678499999999644,0.12378499999999804,2.9366321491857548,14,0,3,4
149.2075,1745,0.06115499999998519,0.11663500000000226,1.6275524610607874,14,0,7,4
147.596,3678,0.1352200000000039,1.4872549999999762,0.596617507482506,18,0,20,11
147.3085,1787,-0.19958999999997218,1.205270000000013,0.012566498947933269,14,-1,25,4
150.399,7053,0.7657299999999907,0.6507199999999784,1.9342937718692212,17,0,6,8
150.2265,2183,0.02425000000002342,0.5769300000000044,-0.044087290287933456,13,1,16,10
147.6745,3045,-0.3168100000000038,1.5577499999999986,0.3852999402140824,4,0,21,6
150.119,2196,0.1421799999999962,0.8345500000000072,1.5159490856354978,14,0,1,4
149.9335,3102,-0.09009499999999093,1.0562699999999836,0.10246852192128131,21,0,17,12
148.3975,6892,0.08298999999996681,0.08375500000002489,2.9194052510798656,7,0,3,14
150.496,1667,0.04885499999997478,0.20903999999998746,0.7835502273000827,23,2,22,19
149.0255,2209,0.4614300000000071,-1.1264799999999866,1.9533251976388044,9,0,1,20
150.4245,1190,0.09117999999995163,0.636685,0.366324650699255,20,-5,16,3
150.4415,1701,0.015389999999996462,0.8387150000000361,0.4843244411652563,14,0,20,4
148.4685,3131,0.5697499999999707,0.13760500000000775,3.0743361853440945,15,-3,3,1
147.9065,1809,0.3018199999999922,-0.7740799999999979,1.1254111690473962,18,0,11,11
148.4195,4309,1.0703550000000064,0.1854099999999903,2.9180632229466994,13,0,4,10
150.5725,5504,0.5349050000000091,0.7088149999999871,2.1052051868965407,0,-1,6,15
149.6875,1656,-0.30732499999999163,0.0911700000000053,-0.2426927117558364,18,0,3,11
150.081,2152,0.10605499999999779,0.8345500000000072,1.5159490856354978,16,0,1,5
148.331,3337,0.9867600000000039,0.20238000000003353,2.77733595547906,16,0,4,5
150.251,1984,-0.13248500000000263,0.8885449999999651,0.763747763336454,13,0,26,10
148.3805,6328,0.952194999999989,0.1680949999999939,2.9945914891055168,7,-1,4,14
150.1405,3992,-0.19631499999999846,0.8848500000000001,0.9485383307609538,10,1,26,7
149.1645,3285,0.3623750000000143,-1.1537649999999928,1.7730560612569093,7,2,27,14
148.0245,2591,-0.8600100000000168,-0.0988450000000114,0.0975611799252647,11,1,5,18
146.8635,848,-0.17291499999998905,0.760249999999985,-0.4379660361778406,19,-1,23,22
147.9135,2214,-0.27968000000001325,-0.0006099999999946704,1.486711044515431,16,0,5,5
147.829,11330,0.053725000000014234,0.2901300000000049,0.6132193070106098,0,0,13,15
148.2485,3061,0.3463999999999601,0.2606700000000046,2.551321737481743,9,0,13,20
149.2935,4054,-0.10218499999999153,0.158945000000017,1.0772406370057297,0,2,7,15
149.2545,2272,-0.09707999999997696,0.18385000000000673,1.369490227444004,12,-1,7,17
150.3445,2015,0.0902900000000102,0.938334999999995,0.4655650433899723,11,0,19,18
148.2535,1643,0.24406499999997777,-1.0543700000000058,1.2436868159481662,14,-2,1,4
150.3495,2600,0.11085999999997398,0.19648499999999558,0.7945270664024804,10,-2,4,7
148.507,2080,0.538109999999989,0.13760500000000775,3.0743361853440945,2,0,3,2
149.1065,2402,0.4728149999999971,-1.1519200000000183,1.8947426468304798,1,1,27,9
150.4815,3400,0.16665000000000418,1.0022949999999753,0.6443602353793949,11,-1,24,18
147.21,4158,-0.30883499999998776,1.1647899999999822,-0.030767319693126183,13,-1,25,10
150.445,2085,0.08518500000002405,0.924350000000004,0.6076546131306202,9,1,19,20
147.0315,1949,-0.5745799999999974,-0.3083249999999964,0.5236160817273685,9,0,9,20
150.13,6297,-0.023449999999996862,1.0438800000000015,0.40063436241999284,23,-1,17,19
147.8385,2956,0.18195000000002892,1.353334999999987,0.5412596205965485,21,2,18,12
147.372,1708,-0.17975999999998749,1.244595000000004,-0.14808431621958107,20,0,25,3
147.591,299,0.009209999999967522,1.5129999999999768,0.5295497487925047,19,0,21,22
148.275,3051,0.4069300000000169,0.2606700000000046,2.551321737481743,5,0,13,21
149.3605,1241,-0.417995000000019,0.023165000000005875,0.01630149476142151,5,2,3,21
147.4555,8406,0.1460249999999803,1.6098849999999914,-0.03696748847346498,17,-3,2,8
147.732,3069,0.0751499999999794,1.4905550000000005,0.5124573957490384,4,0,20,6
146.5575,16875,-0.10553000000001589,0.2901300000000049,0.6132193070106098,3,1,13,13
149.897,429,-0.3007750000000158,0.8809499999999844,0.8624289227222164,19,-2,1,22
149.0945,4909,-0.3752099999999814,0.042475000000024465,-0.3192373719931254,12,0,3,17
150.6515,2979,0.1804700000000139,0.9747699999999782,0.7022888278579558,18,-1,19,11
149.716,3841,-0.014659999999992124,0.4373949999999809,-0.35546027307296413,4,0,18,6
147.569,1385,-0.20607999999998583,1.0560150000000021,0.37945387307169653,5,1,25,21
150.376,1723,-0.23530500000001098,0.3136400000000208,0.6388943953854778,16,1,8,5
146.7605,3935,-0.19910999999999035,0.760249999999985,-0.4379660361778406,6,0,23,23
150.169,2969,-0.009009999999989304,0.5593549999999823,0.021132798268553188,21,0,16,12
147.848,3651,-0.05774499999998284,0.0614800000000173,2.167926804543214,23,0,3,19
149.7135,4086,0.08324000000001774,0.4580850000000112,0.3330992607541816,20,0,18,3
149.495,1423,0.02122499999998695,0.28738000000001307,1.0485696317762745,16,0,11,5
149.944,1466,0.01756999999997788,1.0915500000000122,0.12209639700969888,19,0,12,22
147.6995,5698,-0.30734999999998536,1.093244999999996,0.4716453186718468,22,0,25,16
150.2175,3697,-0.37337999999996896,0.3304549999999722,0.3748647373026017,15,4,8,1
147.567,141,-0.18660499999998592,1.0560150000000021,0.37945387307169653,19,2,25,22
148.5415,4227,0.2643049999999789,0.1042850000000044,2.9167579033837114,1,3,3,9
150.648,2519,0.008579999999994925,0.5103799999999978,0.5456026513310803,13,-1,14,10
149.8535,1712,-0.07263500000001955,1.0856200000000058,0.09748745181184404,20,-2,17,3
147.3255,2160,-0.1841150000000198,-0.5640049999999803,0.5870202556201889,20,0,7,3
147.9905,4173,-0.2627149999999858,-0.046799999999990405,0.601022202301948,11,3,5,18
148.0995,3344,0.2628400000000113,-1.0543700000000058,1.2436868159481662,4,0,1,6
149.625,5847,-0.04603000000000179,0.4373949999999809,-0.35546027307296413,10,-1,18,7
146.139,17219,0.007509999999996353,0.8756600000000105,0.5539830503634562,0,-3,23,15
146.644,5593,-0.2597300000000189,0.7039099999999792,-0.009313233658531317,15,0,8,1
150.0405,4261,-0.07222500000003151,1.0562699999999836,0.10246852192128131,0,2,17,15
150.0755,5760,0.13545500000003585,0.25207000000000335,0.38825559075695537,22,0,8,16
150.507,3085,0.0841350000000034,0.6736350000000186,0.5356334628529282,6,-1,20,23
150.5255,3006,-0.01420500000000402,0.7538699999999778,0.4643730482528383,21,0,20,12
150.131,677,-0.09906000000000859,1.0037800000000061,0.3540323702080457,23,-1,15,19
150.4565,1973,0.39468000000002235,0.7602449999999976,2.004990429254775,23,1,6,19
148.4035,3573,-0.5327200000000119,-0.029889999999994643,-0.4062326125089726,14,-1,5,4
147.8305,2479,-0.08534000000000219,0.03674499999999625,1.9379015895429177,9,0,3,20
147.515,4245,-0.23280000000002588,1.552075000000002,0.46712069312056315,13,-4,21,10
150.075,5575,-0.03093499999997107,0.5593549999999823,0.021132798268553188,3,0,16,13
150.3,3363,-0.10269999999997026,0.5503050000000087,0.17797085921301914,11,0,16,18
149.8745,3221,0.08005499999998733,0.9295349999999871,0.08944481503311863,15,0,15,1
147.8515,1355,0.13736500000001683,-0.9128849999999886,1.324481593970802,14,0,6,4
150.3255,1488,-0.269030000000015,0.3136400000000208,0.6388943953854778,14,0,8,4
146.875,2400,-0.5871150000000114,-0.3496650000000159,0.35700848040355027,2,1,0,2
150.373,7424,0.1583800000000224,1.0039099999999905,0.35843857683505576,3,2,24,13
147.4435,3020,0.0664199999999937,1.6098849999999914,-0.03696748847346498,18,0,2,11
146.616,6624,-0.22684000000000992,0.7039099999999792,-0.009313233658531317,8,0,8,0
149.4515,2017,-0.015355000000027985,0.25341000000000236,1.0222329529755427,20,2,11,3
150.52,6396,0.745254999999986,0.6507199999999784,1.9342937718692212,1,1,6,9
146.8155,2966,-0.41888500000001727,-0.5204550000000268,0.8081218000826027,22,0,0,16
148.267,3623,1.0471200000000067,0.20238000000003353,2.77733595547906,4,-1,4,6
150.3755,1749,0.11483499999999935,0.17790000000002237,0.6171315989214179,21,0,4,12
149.311,1171,0.34709499999999593,0.058400000000006,1.9023140663704794,23,0,10,19
147.8795,3744,-0.8302099999999939,-0.15873499999997875,0.15991445030385876,2,0,9,2
150.427,8081,0.1644200000000069,1.0039099999999905,0.35843857683505576,0,0,24,15
149.8105,7101,-0.25187000000002513,0.8620200000000011,1.2228341616052774,0,1,1,15
147.3465,2580,-0.0946350000000109,-0.6013149999999712,1.2321322497062397,16,0,7,5
148.4355,2394,0.23396500000001197,-1.0301649999999825,1.384696971098606,2,0,1,2
148.998,1626,0.44672999999997387,-1.1121599999999887,1.8812202047439257,11,-2,1,18
147.6885,4084,0.2438200000000279,-0.6703050000000133,0.7073316764912931,0,0,7,15
149.9485,1509,-0.05259000000000924,0.9697749999999985,0.11596883392465429,18,0,15,11
147.846,1430,-0.10698999999999614,0.03674499999999625,1.9379015895429177,5,0,3,21
147.6835,3672,-0.7325050000000317,-0.0745900000000006,-0.34646157967924296,21,-2,5,12
149.5525,4571,0.09144000000003416,0.33049999999997226,0.8254973659525433,17,1,11,8
150.4175,2418,0.29215500000000816,0.8139300000000276,2.000354976209991,6,0,6,23
147.368,3812,0.3929849999999533,-0.7320900000000279,0.9097543101181316,8,0,11,0
149.4805,3724,0.11524000000002843,0.33049999999997226,0.8254973659525433,13,-1,11,10
150.698,3057,0.31040500000000293,0.42553000000000907,1.8065398557728543,12,4,11,17
149.9135,1593,0.06176999999999566,0.9295349999999871,0.08944481503311863,20,-1,15,3
150.054,2435,0.03849999999999909,0.16743500000001177,0.10300435077243719,12,0,4,17
150.4625,1682,0.10995499999998515,0.19648499999999558,0.7945270664024804,16,0,4,5
147.9965,1897,-0.8841449999999895,-0.12583000000000766,0.39959402440103986,9,0,5,20
147.435,12275,0.05498499999998785,-0.9581650000000081,0.9227633377356312,3,1,6,13
149.7785,7012,0.07347500000000196,1.090504999999979,0.17128870954638842,7,-2,12,14
148.028,3638,0.17808999999999742,1.4192050000000052,0.9172250142003122,15,0,18,1
150.491,6646,0.5757750000000215,0.7088149999999871,2.1052051868965407,7,0,6,14
147.8915,3713,-0.38635999999999626,-0.013685000000009495,1.143103942902087,1,0,5,9
147.5525,3250,-0.1090199999999868,1.0131250000000307,-0.010228768685777823,2,2,23,2
146.6725,4558,-0.5690549999999917,-0.3496650000000159,0.35700848040355027,8,-3,0,0
146.071,10881,-0.026590000000027203,0.8159950000000151,-0.7281025367122709,22,0,23,16
148.682,5088,0.05577999999999861,-0.0831749999999829,0.6078362433420068,10,3,9,7
150.3535,3241,0.082224999999994,0.20032000000000494,0.6754403478319375,8,0,4,0
150.3305,2147,-0.21715000000000373,0.3136400000000208,0.6388943953854778,4,0,8,6
146.5465,3106,-0.34585000000001287,0.7039099999999792,-0.009313233658531317,20,0,8,3
146.7565,12598,-0.16601499999998737,1.5925849999999855,-0.16134848307464722,0,0,2,15
150.4045,9334,0.1594699999999989,1.0039099999999905,0.35843857683505576,7,0,24,14
147.883,1773,-0.8766300000000058,-0.12583000000000766,0.39959402440103986,19,-1,5,22
149.954,1310,-0.4455150000000003,0.351034999999996,0.21575372223409772,19,1,18,22
146.6925,11464,-0.5810249999999826,-0.24702000000002045,0.24495522908551948,7,-1,9,14
150.2865,8913,-0.08362999999999943,0.8981749999999806,0.6215445992698676,3,1,26,13
149.733,10709,-0.24871000000001686,0.39428000000000907,0.09077319689311025,3,0,18,13
150.345,8385,0.732405,0.5934450000000311,1.9418984815173133,10,-1,6,7
146.194,4519,-0.4019649999999899,0.49702000000002045,-0.35512616365411986,23,0,8,19
150.747,2036,0.48354000000000497,0.4724499999999807,2.1767775013374546,5,0,11,21
147.2105,4606,-0.04623500000002423,-0.6013149999999712,1.2321322497062397,4,0,7,6
147.547,1169,0.3998500000000149,-0.704654999999974,1.1782427479914475,6,0,7,23
147.8925,7103,-0.8127149999999972,-0.0988450000000114,0.0975611799252647,22,0,5,16
147.899,4361,0.09081000000000472,1.4586699999999837,0.7049984229765016,22,0,20,16
150.1775,1933,-0.2100049999999669,0.8848500000000001,0.9485383307609538,4,0,26,6
150.0545,3103,-0.11609999999998877,1.0698850000000277,0.2770890505563841,1,0,17,9
149.868,1609,-0.08946499999996149,1.079305000000005,0.02664875749101725,14,0,17,4
150.4445,1782,-0.1089849999999899,0.524185000000017,0.1722792073031485,20,1,14,3
149.1685,2275,0.499494999999996,-1.1386799999999937,1.8972061019560442,15,0,27,1
150.4785,4407,0.16977500000001555,1.0022949999999753,0.6443602353793949,22,1,24,16
150.265,5619,-0.06720000000001392,0.5593549999999823,0.021132798268553188,0,2,16,15
150.3745,2816,-0.10853000000000179,0.524185000000017,0.1722792073031485,8,0,14,0
149.1275,1767,0.11449500000000512,0.09763999999998418,1.6546859288481812,2,0,7,2
150.58,942,0.15039500000000317,0.47275499999997805,0.4700469309095183,19,0,14,22
150.6585,5893,0.05711999999999762,0.4991550000000018,0.4073396771578075,7,0,14,14
146.389,2341,-0.3399300000000096,0.36329000000000633,0.34609651538301023,16,2,13,5
150.304,12710,0.1911450000000059,0.3696400000000324,0.40805163238192677,7,1,11,14
148.0515,1865,0.09512999999998328,1.4586699999999837,0.7049984229765016,23,0,20,19
147.586,9582,-0.757425000000012,-0.0745900000000006,-0.34646157967924296,3,-3,5,13
149.116,1934,0.4550699999999779,-1.1519200000000183,1.8947426468304798,13,0,27,10
150.308,2389,0.07524499999999534,1.0204449999999952,0.5136265696776547,2,0,24,2
149.8285,1652,-0.24023000000002526,0.10872000000000526,0.07471354865012358,4,-2,3,6
150.2535,3077,0.06907000000001062,1.0779249999999934,0.3891478712605192,1,-3,12,9
150.0595,3622,-0.39897999999996614,0.3304549999999722,0.3748647373026017,8,3,8,0
150.1115,471,-0.08834500000000389,1.0189200000000085,0.30096550688932666,5,0,15,21
150.1015,2944,0.15740999999999872,0.25207000000000335,0.38825559075695537,12,0,8,17
147.2835,3753,0.041149999999987585,-0.6388949999999909,1.042156075136404,17,-2,7,8
148.001,10711,0.04887499999998113,0.08375500000002489,2.9194052510798656,0,-1,3,15
149.7615,7247,0.11567999999999756,0.4580850000000112,0.3330992607541816,2,-2,18,2
149.3335,1606,0.6514249999999606,-0.02845499999997969,1.9336024262914293,4,-2,10,6
150.5125,2368,0.622870000000006,0.5376700000000199,2.108052629096477,2,0,6,2
149.6125,4727,-0.0831500000000176,0.41560500000002776,-0.2714466875818857,17,0,18,8
147.2075,5151,0.018045000000000755,1.5925849999999855,-0.16134848307464722,21,0,2,12
148.8805,5649,-0.4546100000000024,0.0011100000000112686,-0.21761774525219835,8,-2,5,0
149.8855,1910,0.0029149999999731335,1.0915500000000122,0.12209639700969888,6,0,12,23
149.928,2720,-0.0034600000000182263,0.16743500000001177,0.10300435077243719,23,-2,4,19
150.7385,2758,-0.022075000000000955,0.5103799999999978,0.5456026513310803,17,2,14,8
146.9195,2305,-0.3843300000000056,-0.5204550000000268,0.8081218000826027,11,2,0,18
150.53,1278,0.16864499999999794,0.9919800000000123,0.6177948676457277,16,1,19,5
147.3195,2309,0.12431000000000836,-0.6388949999999909,1.042156075136404,18,0,7,11
150.2985,3625,0.05333500000000413,0.8796949999999981,0.39405191406964946,8,0,20,0
147.6615,1554,0.3501950000000136,-0.6873449999999934,1.1995554408998714,23,-1,7,19
149.2335,3782,0.6539850000000058,-0.05087499999999068,1.7557950124731008,8,0,10,0
149.369,6035,0.6146050000000116,0.0036249999999995453,1.9650582237828758,17,1,10,8
149.9505,2037,-0.10957999999999402,1.079305000000005,0.02664875749101725,4,0,17,6
149.9295,1840,-0.03595999999998867,0.9697749999999985,0.11596883392465429,13,0,15,10
149.3425,1452,0.6670450000000017,-0.02845499999997969,1.9336024262914293,16,-1,10,5
147.709,5097,0.07773500000001832,0.9233199999999897,0.23955495151736272,13,1,23,10
149.0145,2365,0.4345400000000268,-1.1121599999999887,1.8812202047439257,12,-1,1,17
147.4865,1802,-0.3453750000000184,1.5610900000000072,0.28457965034579047,5,0,2,21
150.5815,1945,-0.058144999999967695,0.5176550000000191,0.31599966064132445,4,0,14,6
149.6855,5853,0.07001000000002477,1.090504999999979,0.17128870954638842,0,-3,12,15
150.3745,2127,-0.11573499999997239,0.524185000000017,0.1722792073031485,2,0,14,2
148.1035,3783,0.08848500000001991,-0.9816649999999925,1.4093410024162267,22,0,6,16
146.3095,2514,-0.3654850000000067,0.4072350000000142,0.2191354727816588,2,-3,13,2
148.7335,4620,0.37646999999998343,-1.0944549999999822,1.514344738206745,3,1,1,13
147.938,5943,-0.614024999999998,-0.029889999999994643,-0.4062326125089726,10,-1,5,7
150.3705,3188,0.01573999999999387,0.27583000000001334,0.6863912065411739,21,1,8,12
150.4875,1096,0.041465000000016516,0.20903999999998746,0.7835502273000827,11,1,22,18
148.402,10594,0.9307999999999765,0.1680949999999939,2.9945914891055168,0,0,4,15
148.3105,3085,1.0331850000000031,0.1854099999999903,2.9180632229466994,18,0,4,11
150.4255,2107,0.038129999999995334,0.8796949999999981,0.39405191406964946,2,1,20,2
146.355,3720,-0.3352999999999895,0.36329000000000633,0.34609651538301023,4,3,13,6
147.598,2011,-0.2301000000000215,1.0560150000000021,0.37945387307169653,9,0,25,20
147.545,5569,-0.3692700000000002,1.5567899999999781,0.3326194025215443,8,1,21,0
150.4055,2282,-0.09175999999999362,0.5503050000000087,0.17797085921301914,12,0,16,17
147.6445,3139,0.2641299999999944,-0.6873449999999934,1.1995554408998714,22,0,7,16
150.384,2259,-0.016919999999970514,0.8387150000000361,0.4843244411652563,4,-1,20,6
149.4615,5393,0.06392500000001178,0.28738000000001307,1.0485696317762745,10,0,11,7
150.2295,3595,-0.06117499999999154,1.0438800000000015,0.40063436241999284,22,3,17,16
150.1205,3237,0.15190999999998667,1.008199999999988,0.16984920127418945,13,0,24,10
146.6225,2048,-0.4845100000000002,-0.43027499999999463,0.5700771797853861,18,0,0,11
150.143,2520,-0.1168949999999711,0.8885449999999651,0.763747763336454,18,-1,26,11
150.4345,2438,0.030685000000005402,0.20903999999998746,0.7835502273000827,12,0,22,17
147.158,4490,-0.24590499999996496,1.205270000000013,0.012566498947933269,10,0,25,7
150.153,559,-0.09186499999998432,1.0037800000000061,0.3540323702080457,12,3,15,17
147.454,1951,-0.026149999999972806,1.2886649999999804,-0.09062342142306079,5,0,18,21
147.6095,2225,0.2012099999999748,-0.8264750000000163,1.1642707541345203,11,0,11,18
150.015,504,-0.06401500000001192,0.15073500000002582,0.005615146721368092,19,0,4,22
150.2095,2267,0.06549500000002695,0.9141300000000001,0.33679679908340177,9,1,26,20
148.812,5037,0.3897999999999797,-1.0944549999999822,1.514344738206745,7,2,1,14
150.225,1296,0.09280999999998585,0.2209150000000193,0.5149610368068238,16,1,22,5
150.113,1328,0.13266000000001554,0.22523500000002628,0.20266056058528648,20,0,22,3
147.3295,2394,0.367795000000001,-0.7320900000000279,0.9097543101181316,2,0,11,2
149.3005,3582,-0.05004499999998302,0.25341000000000236,1.0222329529755427,8,0,11,0
150.66,437,0.0803449999999657,0.6736350000000186,0.5356334628529282,19,0,20,22
150.557,5402,0.6886400000000208,0.6507199999999784,1.9342937718692212,18,-1,6,11
147.754,5472,0.2184649999999806,1.396729999999991,0.707755309170409,10,-3,18,7
150.423,1706,0.14770500000000197,0.9953749999999957,0.5511558074390166,2,1,19,2
150.503,1930,0.15949000000000524,1.0038999999999874,0.6551500343206555,5,0,24,21
150.7205,2497,0.35406000000000404,0.42553000000000907,1.8065398557728543,11,5,11,18
147.848,5074,-0.0025949999999568263,0.0614800000000173,2.167926804543214,12,-3,3,17
147.4595,4966,0.21010499999997023,-0.8264750000000163,1.1642707541345203,12,-5,11,17
146.8445,7793,-0.4419499999999914,0.5546349999999904,0.4081731379331188,21,3,8,12
149.0085,11483,0.4919599999999775,0.03310500000000616,2.0086615768886134,3,0,10,13
147.285,15901,-0.15453500000000986,1.5458299999999952,0.32417542801925947,3,0,21,13
147.5795,1938,-0.05631999999999948,0.9703700000000026,0.387766486284562,14,0,23,4
150.4965,3046,0.15888000000001057,1.0038999999999874,0.6551500343206555,9,0,24,20
148.6035,3794,-0.5042700000000195,0.0011100000000112686,-0.21761774525219835,2,0,5,2
148.572,5393,0.31014999999999304,-1.0773750000000177,1.458765132087592,17,1,1,8
148.2425,3911,0.23453000000000657,0.28343000000000984,2.4321764248879276,11,-1,13,18
146.6075,2927,-0.2638550000000066,0.3252250000000174,0.6042584493622485,13,-1,13,10
150.5255,4437,0.594949999999983,0.5376700000000199,2.108052629096477,15,-1,6,1
150.0785,2563,0.07049999999998136,0.8345500000000072,1.5159490856354978,4,0,1,6
150.3715,2307,0.11439999999998918,0.18690499999999588,0.6494091804081847,1,0,4,9
146.6185,3896,-0.47435000000001537,-0.474964999999969,0.6002002249710472,21,0,0,12
147.0285,5546,-0.5842050000000256,-0.27589000000000397,0.3653050254533525,22,1,9,16
149.7035,10249,0.076989999999995,0.17790000000002237,0.6171315989214179,0,0,4,15
148.3675,5113,1.0954349999999522,0.1854099999999903,2.9180632229466994,1,2,4,9
146.4775,4823,-0.31049999999999045,0.7039099999999792,-0.009313233658531317,2,0,8,2
150.3505,1851,0.026084999999994807,1.056414999999987,0.4002267313111645,4,0,12,6
147.7775,2212,-0.7205249999999808,-0.18777000000002886,0.5770937596279282,16,0,9,5
148.266,5350,-0.08227499999998145,-0.07334000000000174,0.23031591482089198,2,1,9,2
146.6215,3518,-0.2681249999999977,-0.5640049999999803,0.5870202556201889,8,0,7,0
149.175,10923,0.4696399999999983,0.03310500000000616,2.0086615768886134,7,-1,10,14
147.792,1848,0.14533999999997604,-0.8911299999999756,1.0164321248322779,20,0,6,3
146.9545,4732,-0.578755000000001,-0.2160199999999861,0.7496887831936476,13,-2,9,10
147.879,1702,-0.2522249999999815,-0.0006099999999946704,1.486711044515431,14,0,5,4
150.0865,13267,0.10904499999998052,0.27583000000001334,0.6863912065411739,0,0,8,15
147.6355,4229,-0.09288499999999544,1.5336199999999849,0.3373476863338567,12,2,21,17
147.3025,2517,-0.16429000000002247,1.244595000000004,-0.14808431621958107,2,1,25,2
147.6505,2010,0.05843999999999028,1.4905550000000005,0.5124573957490384,14,2,20,4
150.7785,3185,0.39704000000000406,0.42553000000000907,1.8065398557728543,23,6,11,19
148.046,2146,0.12710499999997182,1.4414150000000063,0.8553525294452697,5,0,20,21
148.052,6723,0.07270499999998492,-0.9581650000000081,0.9227633377356312,0,3,6,15
148.5085,2274,0.7871299999999906,0.15731999999997015,3.3361795251871342,23,0,4,19
149.939,3230,-0.06845499999997173,0.9877900000000182,0.15617663880382793,3,0,15,13
149.5685,2537,-0.304505000000006,0.0911700000000053,-0.2426927117558364,13,0,3,10
149.9265,3782,-0.289180000000016,0.8822250000000338,0.7570499155109758,8,1,26,0
149.2455,2019,0.2957749999999635,0.08164500000000885,1.8809706706535678,5,-2,10,21
147.7835,2569,0.19214500000001067,1.3748150000000123,0.4193992521504697,18,1,18,11
149.826,1864,-0.2995350000000201,0.8809499999999844,0.8624289227222164,6,0,1,23
150.532,5233,-0.005340000000018108,0.7538699999999778,0.4643730482528383,3,0,20,13
150.4815,943,-0.11274999999997704,0.5384149999999863,0.25483766533167795,5,0,16,21
150.366,3096,-0.019624999999962256,0.8387150000000361,0.4843244411652563,10,0,20,7
147.0265,5794,-0.5884750000000167,-0.27589000000000397,0.3653050254533525,12,0,9,17
147.5245,4638,-0.8677299999999946,-0.15873499999997875,0.15991445030385876,8,-3,9,0
148.9645,1662,0.5075450000000217,-1.1386799999999937,1.8972061019560442,20,0,27,3
150.387,2346,0.0049550000000238015,0.21677999999997155,0.5470399793283605,18,1,22,11
148.4625,7378,0.09815000000000396,0.08375500000002489,2.9194052510798656,3,0,3,13
150.3675,1914,-0.002364999999997508,0.8387150000000361,0.4843244411652563,16,0,20,5
148.0045,1955,-0.8812250000000006,-0.0988450000000114,0.0975611799252647,23,0,5,19
149.8925,3969,-0.39068000000000325,0.3727000000000089,-0.12135601056988321,12,2,18,17
150.434,2762,0.017099999999999227,0.20903999999998746,0.7835502273000827,22,0,22,16
146.985,4196,-0.5888900000000206,-0.27589000000000397,0.3653050254533525,11,0,9,18
149.9475,1799,0.044060000000001764,0.9502699999999891,0.09859327782183414,16,0,15,5
146.621,3063,-0.366170000000011,0.6487499999999784,0.08033062488732412,14,1,8,4
148.4925,4288,0.29760500000000434,0.1042850000000044,2.9167579033837114,17,2,3,8
149.7885,3748,-0.1511199999999917,0.41560500000002776,-0.2714466875818857,13,2,18,10
148.2305,1456,0.14943999999999846,-0.9816649999999925,1.4093410024162267,23,0,6,19
147.7765,1872,-0.7549949999999797,-0.18777000000002886,0.5770937596279282,14,0,9,4
148.277,1726,0.25228500000002896,-1.0543700000000058,1.2436868159481662,16,0,1,5
147.5665,3705,0.3547499999999957,-0.7548200000000236,0.8826008870459248,10,0,11,7
147.9095,2924,-0.30870500000003176,-0.0006099999999946704,1.486711044515431,4,0,5,6
148.0185,2012,0.2112549999999942,1.396729999999991,0.707755309170409,16,-1,18,5
147.6485,5069,-0.29649499999999307,1.552075000000002,0.46712069312056315,17,-2,21,8
149.9915,2343,-0.1218200000000138,0.8465099999999666,1.3124893681969638,18,1,1,11
148.588,4403,0.13898000000000366,0.08375500000002489,2.9194052510798656,21,-1,3,12
146.011,34761,-0.12031999999999243,0.8159950000000151,-0.7281025367122709,23,0,23,19
150.499,2088,0.642610000000019,0.5376700000000199,2.108052629096477,20,0,6,3
147.391,5491,-0.1337400000000173,1.0131250000000307,-0.010228768685777823,15,1,23,1
146.549,5100,-0.31293499999998176,0.3252250000000174,0.6042584493622485,17,5,13,8
148.5395,2683,0.4999250000000188,0.13760500000000775,3.0743361853440945,20,1,3,3
150.112,399,-0.08332999999998947,1.0189200000000085,0.30096550688932666,19,-1,15,22
150.7595,2733,0.04305499999998119,0.7147299999999746,0.6717806340587913,11,0,20,18
149.262,769,0.6197449999999947,-0.0704849999999908,1.7752549502679358,19,0,9,22
146.483,15594,-0.5747549999999819,-0.24702000000002045,0.24495522908551948,3,0,9,13
150.706,2753,-0.004320000000006985,0.5103799999999978,0.5456026513310803,1,0,14,9
149.2005,3032,-0.389425000000017,0.042475000000024465,-0.3192373719931254,11,0,3,18
149.3465,2311,-0.4093499999999892,0.023165000000005875,0.01630149476142151,9,1,3,20
150.334,5248,0.1469850000000008,0.9594699999999818,0.5743462351706228,3,0,19,13
149.35,2915,0.5325700000000211,0.0036249999999995453,1.9650582237828758,18,0,10,11
149.9365,1913,-0.10506500000002461,1.079305000000005,0.02664875749101725,16,0,17,5
149.499,1957,0.0026900000000011914,0.28738000000001307,1.0485696317762745,14,3,11,4
147.74,3957,0.07563999999999282,0.9233199999999897,0.23955495151736272,18,2,23,11
150.497,2570,0.16399499999997147,1.0022949999999753,0.6443602353793949,23,0,24,19
147.8205,4461,-0.17923999999996454,0.015655000000037944,1.6796463430893027,8,0,5,0
150.502,834,0.07222999999999047,0.20797500000000468,0.8211731724034621,5,0,22,21
150.531,6997,0.04407000000000494,0.4991550000000018,0.4073396771578075,3,0,14,13
150.323,1986,0.01041000000003578,1.056414999999987,0.4002267313111645,16,1,12,5
147.6065,4714,0.02438000000003626,0.9703700000000026,0.387766486284562,10,0,23,7
149.9305,3865,-0.009769999999974743,1.0856200000000058,0.09748745181184404,8,1,17,0
147.5805,3674,-0.2539350000000127,1.552075000000002,0.46712069312056315,1,-3,21,9
147.189,5944,-0.15456999999997834,1.0131250000000307,-0.010228768685777823,8,0,23,0
146.2485,17074,-0.3714300000000037,0.5546349999999904,0.4081731379331188,0,-2,8,15
146.2755,7417,-0.3958149999999989,0.49702000000002045,-0.35512616365411986,11,1,8,18
150.2925,4851,0.10848500000000172,0.938334999999995,0.4655650433899723,22,0,19,16
149.8395,2744,-0.023529999999965412,0.15073500000002582,0.005615146721368092,9,-3,4,20
149.2095,7628,-0.33482000000000767,0.39428000000000907,0.09077319689311025,0,0,18,15
149.9685,1988,0.0306550000000243,1.0915500000000122,0.12209639700969888,5,0,12,21
150.679,3970,0.07749999999998636,0.48701000000002637,0.49292782555866665,22,0,14,16
146.7535,3081,-0.4006649999999752,0.6487499999999784,0.08033062488732412,16,2,8,5
148.6885,4918,0.076989999999995,-0.08970500000000925,0.9719295550608251,17,4,9,8
149.284,2238,-0.04196000000001732,0.25341000000000236,1.0222329529755427,15,0,11,1
148.91,2574,0.5097600000000284,-1.1386799999999937,1.8972061019560442,2,-1,27,2
148.106,2026,-0.21403499999999553,-0.05926499999998214,0.3580535815411565,9,0,5,20
150.1165,3540,0.07678500000000099,1.0779249999999934,0.3891478712605192,13,-4,12,10
150.2105,4744,-0.0029899999999827287,0.9058500000000151,0.5608465225251109,22,0,26,16
150.1925,3988,0.14462499999999068,0.4580850000000112,0.3330992607541816,15,-1,18,1
147.5675,3138,-0.3680150000000424,1.5567899999999781,0.3326194025215443,20,0,21,3
149.448,2178,0.040740000000027976,0.28738000000001307,1.0485696317762745,4,-1,11,6
149.259,1751,0.31906000000000745,0.08164500000000885,1.8809706706535678,9,-1,10,20
149.2425,3308,0.4708750000000066,-0.0776649999999961,1.6636785956586095,12,0,9,17
147.8855,347,-0.13201000000000818,0.03674499999999625,1.9379015895429177,19,0,3,22
147.227,6684,-0.26613499999999135,1.1647899999999822,-0.030767319693126183,17,0,25,8
150.4705,1105,0.15534999999999854,0.9953749999999957,0.5511558074390166,20,0,19,3
150.3475,2595,-0.18886000000000536,0.3136400000000208,0.6388943953854778,10,0,8,7
149.3675,2260,0.6648350000000107,-0.02845499999997969,1.9336024262914293,14,0,10,4
149.32,3674,0.563839999999999,0.0036249999999995453,1.9650582237828758,13,0,10,10
150.6535,3040,-0.0428749999999809,0.5176550000000191,0.31599966064132445,10,1,14,7
147.7475,1891,0.1927699999999959,-0.8264750000000163,1.1642707541345203,23,1,11,19
150.2915,1724,-0.010365000000007285,1.056414999999987,0.4002267313111645,14,0,12,4
148.317,2064,0.9313899999999933,0.20238000000003353,2.77733595547906,14,0,4,4
150.14,4344,0.2332699999999761,0.8193949999999859,1.732165332282392,15,-1,1,1
146.7625,4486,-0.46215999999998303,-0.474964999999969,0.6002002249710472,3,1,0,13
148.6225,4810,0.36353500000001304,-1.0944549999999822,1.514344738206745,21,0,1,12
149.2455,1798,0.6389499999999941,-0.0704849999999908,1.7752549502679358,6,-1,9,23
147.639,1230,0.1944599999999923,-0.8591749999999934,1.2326326839728097,19,0,11,22
148.3535,3323,0.832144999999997,0.23132500000002665,2.7983952316617433,2,0,4,2
147.508,6526,-0.12198499999999513,1.5336199999999849,0.3373476863338567,22,1,21,16
147.587,2198,0.05386500000000183,1.3202800000000252,0.28534902339796986,11,1,18,18
149.0825,4083,-0.04905500000000984,0.13958999999999833,1.2681762779803876,1,0,7,9
147.4565,3174,-0.31481500000001006,1.5769850000000076,-0.3741671770321773,23,1,2,19
147.5485,2244,0.04537500000003547,1.4992349999999703,0.3943653912587024,20,1,20,3
147.1925,4804,-0.11307500000003756,1.244595000000004,-0.14808431621958107,8,-1,25,0
147.6955,2343,-0.01594000000000051,1.5129999999999768,0.5295497487925047,9,-1,21,20
148.9765,2868,0.42358500000000276,-1.1121599999999887,1.8812202047439257,22,0,1,16
147.9635,1868,0.09450499999999806,1.4586699999999837,0.7049984229765016,11,1,20,18
147.4805,4577,0.03320500000000948,1.4992349999999703,0.3943653912587024,15,-1,20,1
150.223,2982,0.01967500000000655,0.9058500000000151,0.5608465225251109,12,0,26,17
150.4075,1175,0.0852999999999895,0.5953999999999837,0.20543470141879538,14,0,16,4
148.381,3093,0.41315999999997643,0.12378499999999804,2.9366321491857548,16,-1,3,5
146.328,10694,-0.3923650000000123,0.5546349999999904,0.4081731379331188,7,-1,8,14
148.0185,6590,-0.7904050000000211,-0.0745900000000006,-0.34646157967924296,0,1,5,15
150.595,2374,0.030110000000036052,0.4991550000000018,0.4073396771578075,21,0,14,12
147.4595,10995,0.07242999999996869,0.8756600000000105,0.5539830503634562,3,-1,23,13
147.8675,3227,-0.6919949999999915,-0.05071999999998411,-0.5813773176812731,13,0,5,10
150.3745,4166,-0.07673500000001354,0.5503050000000087,0.17797085921301914,22,3,16,16
147.342,3102,-0.3223899999999844,1.128085000000027,0.11832552306600519,21,1,25,12
150.0565,4391,0.03878499999999008,0.8345500000000072,1.5159490856354978,10,0,1,7
146.308,25112,-0.12735000000000696,0.760249999999985,-0.4379660361778406,9,0,23,20
149.8145,2033,-0.08731000000003064,0.15073500000002582,0.005615146721368092,6,0,4,23
147.5375,4745,-0.3040100000000052,1.5577499999999986,0.3852999402140824,10,-1,21,7
146.5355,2605,-0.4823599999999999,-0.43027499999999463,0.5700771797853861,13,0,0,10
150.679,1083,0.0746149999999659,0.6736350000000186,0.5356334628529282,5,0,20,21
150.2675,4504,0.2650700000000086,0.8193949999999859,1.732165332282392,8,0,1,0
150.3935,3598,0.1452600000000075,0.9953749999999957,0.5511558074390166,8,-2,19,0
149.5315,12412,-0.1939599999999757,0.8620200000000011,1.2228341616052774,3,-1,1,13
148.644,1033,0.7053599999999847,0.1478400000000022,3.2835570067054505,5,0,4,21
150.476,324,0.3143349999999998,0.8139300000000276,2.000354976209991,19,0,6,22
150.6745,2699,0.06480500000000688,0.6736350000000186,0.5356334628529282,9,-1,20,20
149.6965,2354,0.04856499999999642,0.4373949999999809,-0.35546027307296413,14,1,18,4
150.0685,3210,-0.2791750000000093,0.8751699999999971,1.1406673451604945,12,0,1,17
149.2765,4275,0.4156099999999867,0.058400000000006,1.9023140663704794,22,0,10,16
149.999,5715,0.09161999999997761,0.17790000000002237,0.6171315989214179,7,0,4,14
148.3295,2220,-0.029834999999991396,-0.0831749999999829,0.6078362433420068,14,0,9,4
150.55,2648,0.15662499999999113,0.4580850000000112,0.3330992607541816,8,0,18,0
148.5765,2977,0.865099999999984,0.15731999999997015,3.3361795251871342,12,-1,4,17
147.3015,3752,-0.2869699999999966,1.1647899999999822,-0.030767319693126183,1,0,25,9
148.2525,1465,0.20705499999999688,-1.0057899999999904,1.413987701236067,6,0,6,23
147.88,1585,0.12333500000002573,-0.9128849999999886,1.324481593970802,16,1,6,5
146.4645,2720,-0.22827499999999645,0.3252250000000174,0.6042584493622485,18,-2,13,11
150.4565,1320,-0.10832500000000778,0.5384149999999863,0.25483766533167795,6,0,16,23
149.047,5070,-0.010229999999978645,0.11663500000000226,1.6275524610607874,10,-3,7,7
150.465,1991,0.09137000000001194,0.636685,0.366324650699255,2,-4,16,2
150.221,2237,0.17589000000000965,0.8193949999999859,1.732165332282392,20,1,1,3
149.254,3921,-0.40131999999999834,0.042475000000024465,-0.3192373719931254,23,0,3,19
146.8565,2490,-0.24788499999999658,-0.5640049999999803,0.5870202556201889,15,1,7,1
147.7415,2085,-0.16091000000000122,0.03674499999999625,1.9379015895429177,6,-1,3,23
150.1755,3639,0.03090500000001839,0.21677999999997155,0.5470399793283605,17,0,22,8
146.5945,6589,-0.5487750000000062,0.5966200000000015,0.13639385869632292,1,0,8,9
148.391,9299,0.7100199999999859,0.23132500000002665,2.7983952316617433,8,4,4,0
146.8495,11337,-0.14403499999997393,0.760249999999985,-0.4379660361778406,5,0,23,21
148.6615,2103,0.34076500000000465,-1.0773750000000177,1.458765132087592,13,3,1,10
147.736,5130,0.09013500000000363,1.4905550000000005,0.5124573957490384,10,1,20,7
146.8895,1592,-0.5709349999999915,-0.38997499999999263,0.7104022912713788,14,-1,0,4
149.3595,1889,-0.03255500000000211,0.25341000000000236,1.0222329529755427,2,1,11,2
148.6,1849,0.6376750000000015,0.1478400000000022,3.2835570067054505,6,-1,4,23
147.43,370,-0.053819999999973334,1.2886649999999804,-0.09062342142306079,19,1,18,22
150.303,2355,-0.30640499999998383,0.3304549999999722,0.3748647373026017,20,0,8,3
150.3245,2865,0.06255999999999062,0.5953999999999837,0.20543470141879538,10,-1,16,7
149.698,4581,0.01700000000002433,0.4373949999999809,-0.35546027307296413,16,2,18,5
150.2405,2155,-0.23664500000001,0.8848500000000001,0.9485383307609538,14,0,26,4
147.3015,1654,-0.20936500000001956,1.205270000000013,0.012566498947933269,16,0,25,5
147.254,5618,0.0008949999999856573,1.2886649999999804,-0.09062342142306079,9,-1,18,20
149.9535,2865,-0.08226499999997827,0.9877900000000182,0.15617663880382793,7,0,15,14
146.4865,3764,-0.4905650000000037,-0.43027499999999463,0.5700771797853861,1,-3,0,9
147.405,7081,0.04681500000000938,0.9233199999999897,0.23955495151736272,1,0,23,9
149.2245,6306,0.443585000000013,0.03310500000000616,2.0086615768886134,0,-2,10,15
147.8845,2889,0.08639499999998179,1.4586699999999837,0.7049984229765016,12,0,20,17
149.2665,1847,-0.05328500000001668,0.20483499999997434,1.2171583765421872,6,0,7,23
148.463,3236,0.004405000000019754,-0.0831749999999829,0.6078362433420068,16,1,9,5
148.3865,2258,0.22713499999997566,-1.0301649999999825,1.384696971098606,15,2,1,1
150.2715,2950,-0.045115000000009786,1.0389249999999777,0.35762177971159304,2,1,12,2
147.51,3078,0.03856500000000551,1.4992349999999703,0.3943653912587024,2,0,20,2
149.961,3451,-0.18713999999999942,0.41560500000002776,-0.2714466875818857,18,0,18,11
149.9095,3620,-0.2922200000000146,0.8751699999999971,1.1406673451604945,11,-1,1,18
149.221,16321,0.1504199999999969,0.3696400000000324,0.40805163238192677,3,0,11,13
149.2705,1401,0.6022399999999948,-0.0704849999999908,1.7752549502679358,5,0,9,21
147.8035,4074,-0.5969849999999894,-0.2160199999999861,0.7496887831936476,17,0,9,8
150.3395,3807,0.04514000000000351,1.0204449999999952,0.5136265696776547,8,4,24,0
150.7385,4119,0.018465000000020382,0.7147299999999746,0.6717806340587913,22,3,20,16
147.425,12020,0.12128000000001293,1.4750849999999787,0.5093297702428004,3,0,20,13
147.5845,1444,0.1927400000000148,-0.8591749999999934,1.2326326839728097,6,0,11,23
146.3495,4182,-0.09798499999999422,0.8159950000000151,-0.7281025367122709,11,2,23,18
147.0685,9322,0.15271999999998798,-0.6703050000000133,0.7073316764912931,21,1,7,12
147.499,3501,-0.1767849999999953,1.5458299999999952,0.32417542801925947,21,0,21,12
148.3595,3346,0.8789699999999812,0.23132500000002665,2.7983952316617433,20,0,4,3
149.9095,2908,0.048964999999981274,1.0962499999999977,-0.11432979217062211,23,3,12,19
150.5105,463,0.1541300000000092,1.0038999999999874,0.6551500343206555,19,0,24,22
150.3845,2033,0.08154000000001815,0.20797500000000468,0.8211731724034621,6,0,22,23
146.145,8912,-0.397705000000002,0.49702000000002045,-0.35512616365411986,12,0,8,17
147.878,5290,-0.3127250000000288,-0.046799999999990405,0.601022202301948,22,1,5,16
149.2715,6028,-0.34149499999998056,0.07020000000002824,-0.10523474639364849,7,0,3,14
150.577,2599,-0.01842000000002031,0.7933700000000101,0.40262821548520833,1,2,20,9
150.5935,2043,-0.022375000000010914,0.7933700000000101,0.40262821548520833,13,0,20,10
150.451,4021,-0.11485999999999308,0.29511499999998136,0.8064691314320669,1,0,8,9
149.909,1665,-0.04219999999997981,0.15073500000002582,0.005615146721368092,5,0,4,21
149.0865,9225,0.30858499999999367,-0.08583999999999037,1.4799820091359663,3,9,9,13
149.394,4365,0.5171899999999994,0.03310500000000616,2.0086615768886134,21,1,10,12
149.9365,2493,0.024730000000005248,0.9502699999999891,0.09859327782183414,10,-2,15,7
146.4605,11381,-0.412319999999994,0.5546349999999904,0.4081731379331188,3,0,8,13
150.2995,3135,0.05851499999999987,0.2209150000000193,0.5149610368068238,10,0,22,7
147.2775,3801,-0.0035300000000120235,-0.6013149999999712,1.2321322497062397,10,-1,7,7
148.3465,2083,0.24038999999999078,-1.0301649999999825,1.384696971098606,20,-1,1,3
148.2295,3028,0.2883850000000052,0.28343000000000984,2.4321764248879276,23,0,13,19
147.4315,5450,-0.3244499999999846,1.128085000000027,0.11832552306600519,3,2,25,13
147.5675,10406,0.04792000000000485,-0.9581650000000081,0.9227633377356312,21,0,6,12
150.278,4108,0.054279999999977235,1.0779249999999934,0.3891478712605192,17,-2,12,8
150.0455,2167,-0.0916249999999934,0.9877900000000182,0.15617663880382793,0,1,15,15
147.775,2322,0.07179500000000871,-0.9357650000000035,1.2167295481715428,1,-3,6,9
149.6235,2904,-0.29777999999998883,0.0911700000000053,-0.2426927117558364,1,0,3,9
147.8005,4422,-0.6367350000000158,-0.18777000000002886,0.5770937596279282,10,1,9,7
147.5845,2296,-0.03145000000000664,0.9703700000000026,0.387766486284562,16,0,23,5
146.7295,4030,-0.5152249999999867,-0.38997499999999263,0.7104022912713788,10,-1,0,7
147.734,3256,0.20123499999999694,1.3748150000000123,0.4193992521504697,13,0,18,10
147.8145,3071,0.09954500000000621,-0.9128849999999886,1.324481593970802,10,-1,6,7
150.4575,1444,0.029194999999987203,0.8796949999999981,0.39405191406964946,20,0,20,3
150.3855,2126,0.08537499999997067,0.20032000000000494,0.6754403478319375,15,0,4,1
147.6715,2212,0.05138499999998203,-0.9357650000000035,1.2167295481715428,18,-5,6,11
148.9995,1324,0.45644000000001483,-1.1121599999999887,1.8812202047439257,23,0,1,19
148.1965,6846,0.12642999999999915,0.28343000000000984,2.4321764248879276,22,1,13,16
147.2495,3381,-0.1438049999999862,1.244595000000004,-0.14808431621958107,15,0,25,1
150.723,2515,0.028759999999977026,0.7147299999999746,0.6717806340587913,12,0,20,17
150.2645,660,0.011859999999984439,1.029894999999982,0.34290790970592866,19,2,17,22
149.8105,1367,-0.22016499999998018,0.10872000000000526,0.07471354865012358,16,-1,3,5
149.3485,3891,-0.09596999999999412,0.18385000000000673,1.369490227444004,22,0,7,16
150.06,3212,-0.265059999999977,0.8822250000000338,0.7570499155109758,2,0,26,2
150.6435,2346,0.10104499999999916,0.48701000000002637,0.49292782555866665,11,1,14,18
150.119,3552,-0.1190949999999873,1.0698850000000277,0.2770890505563841,17,2,17,8
147.719,5552,0.22568999999998596,1.3748150000000123,0.4193992521504697,17,0,18,8
150.653,2473,0.08792499999998427,0.48701000000002637,0.49292782555866665,12,0,14,17
147.7105,5598,0.22096999999999412,-0.6703050000000133,0.7073316764912931,7,3,7,14
147.8015,2457,-0.6795250000000124,-0.18777000000002886,0.5770937596279282,4,0,9,6
149.244,3624,0.6596949999999708,-0.05087499999999068,1.7557950124731008,15,0,10,1
149.1965,1808,-0.43336999999996806,0.023165000000005875,0.01630149476142151,6,-1,3,23
147.1245,4253,-0.25279000000003293,1.5769850000000076,-0.3741671770321773,12,0,2,17
150.5025,7174,0.6147750000000087,0.7088149999999871,2.1052051868965407,3,1,6,13
149.3265,6213,-0.2690200000000118,0.10872000000000526,0.07471354865012358,10,-3,3,7
146.8495,6718,-0.583014999999989,-0.24702000000002045,0.24495522908551948,0,0,9,15
147.63,796,0.1925250000000176,-0.8591749999999934,1.2326326839728097,5,-1,11,21
148.432,3536,1.0025950000000137,0.1680949999999939,2.9945914891055168,21,1,4,12
149.9565,2704,-0.4238549999999748,0.351034999999996,0.21575372223409772,6,2,18,23
150.4915,1969,0.08817999999999415,0.636685,0.366324650699255,15,-3,16,1
150.3455,3230,0.11197999999998842,0.18690499999999588,0.6494091804081847,17,0,4,8
148.0863937829273,3777,-0.29060327809411246,-0.24961012458909204,0.2758950385571781,7,0,5,4
147.94998508076608,7684,-0.16984724154570563,0.7014713411031089,-0.06731368331933746,6,0,14,16
150.18359709706417,2443,0.049193383175950046,0.23657689030766393,0.18736653843432194,12,0,6,17
148.32743472903587,2530,-0.4385720509471915,-0.07793389362908001,0.0011440826983841745,17,0,6,11
150.0850355897521,2265,0.048493091042083256,0.9231520327161273,0.3435891266687425,9,0,25,19
150.10485309988536,3228,0.02219569354001727,0.9681710168797942,0.4619702498677801,12,0,17,12
150.11480192700952,399,-0.08355385001670808,1.0152664316479907,0.3006147691819939,19,0,15,22
149.92694241380116,6561,0.6763779645093588,0.564300800516716,2.342904827181935,7,0,5,14
148.2219965469338,4619,-0.5838118403640304,0.032568711306038056,-0.005474134896189309,10,-1,11,1
149.16163055493638,4569,0.0017985714870818459,0.23818898746466344,0.7619147302883049,15,0,9,6
148.564952145181,2092,0.2873123702359043,-1.0535283027491087,1.4464508257751647,12,2,2,11
147.43762865708118,2136,-0.13980866460398983,-0.561348233646976,1.1944966220614277,13,0,7,3
147.54917150868968,3748,-0.3472653117648263,-0.4248600476301303,0.6488901967839018,10,-1,7,5
149.0379812160764,2078,-0.047307939426987425,-0.06369431231413111,1.3779541534215198,11,0,6,18
147.97541620914507,3577,0.45623905507604273,-0.5748735284706729,1.6989290592842723,17,0,9,10
147.33812553357626,4620,-0.8023950307991636,-0.20050081792754873,0.20302864595542275,8,-3,7,0
146.64348879255843,2982,-0.28488143452061065,-0.0587672364767447,0.6971104982061593,21,0,7,13
147.3825377629995,4623,-0.4963246882652239,-0.35882941672506885,0.6446738049373324,6,-1,8,2
150.41482724125154,464,-0.1037032007715501,0.4924543372204009,0.2893378151894668,18,0,15,21
148.4280192365532,1944,0.033153683526992606,1.1976953089874944,0.14761786818177614,5,0,19,21
146.62708856866553,3279,-0.3465871547961291,0.49949111959687204,0.15652642658360483,9,0,9,19
147.66815777160903,2198,0.07685913777256978,1.1822378802488005,0.3794534581552578,10,0,17,18
147.24788856990833,1950,-0.29369483220157155,0.5095930645157695,0.2090257677204354,6,0,13,20
149.72395131513798,3098,-0.015756455750797177,1.13380541760487,0.14686698196379688,13,0,17,1
147.34073950509577,1654,-0.19244906879243673,1.1499630619547747,0.057035726431954537,16,0,25,4
148.41373164548804,3370,-0.07165131363603033,1.1050783735833885,0.059197179829127144,15,0,23,1
147.9445131702731,3914,-0.15192332365456446,0.49654629391598804,0.3889474185442833,13,0,15,19
147.0929257623187,1949,-0.49484572584979897,-0.07614434162040773,0.43431399953260197,8,0,10,20
148.55066384393368,2583,-0.6216454827562279,0.14025855458056402,0.4609031627186244,9,0,3,14
148.48410725436517,2258,0.130238790932098,-0.07048889594336982,1.21493794913004,13,0,26,9
149.3279960310051,4401,-0.17935285511323512,0.5044240347593655,1.2127754015448458,10,0,3,7
146.77479456276828,7465,-0.3607702886217336,0.880104891493478,-0.06771965555341447,8,0,18,15
148.61742067664866,2096,0.39706813311823896,-0.7307374835896746,1.9196925033079122,9,2,1,7
148.88171502255108,1901,0.09205138769575807,0.19104266540155568,0.6113943219696545,13,0,11,21
148.8643205184116,7980,0.24424590599151524,0.8372486581572298,1.1103225459588486,8,0,14,10
147.8872108215218,3648,0.04565038024028012,0.07466569153324071,2.224956478650827,21,0,3,17
148.5288851717555,3625,0.9076745507909377,0.20435597404942463,2.4712938046905784,5,0,6,6
147.30511412982656,2504,-0.2615546667193228,0.4255209714992489,0.28189397055148646,4,-2,13,5
147.16068674739458,2531,-0.5442771366440331,-0.03330888093329798,0.2615740920267146,20,1,10,11
148.5120347017346,3797,-0.4433734175101681,0.14198519645847307,-0.1481397187861111,3,0,6,2
148.56001216337594,2936,0.057771894297138665,0.7159370771039171,0.38793973462162534,6,0,17,9
148.18391757273727,3344,0.4628869195793128,-0.636926726229001,1.7484741650587963,9,0,1,5
149.39780303632665,2708,0.23906636056711206,0.17875313375788296,1.7608720573876246,10,0,12,6
150.64329133229734,2345,0.10101061729757368,0.48696145285976683,0.49293986426330794,10,0,13,17
147.57419484499903,5496,-0.2025385934980786,-0.04373228265153947,1.6057607787097292,14,-2,4,17
147.31865794888338,5568,-0.241642057929374,-0.44369446834141535,0.5108207901580766,15,1,8,15
149.2666655040962,4893,-0.2665238607907189,0.09925521764965523,-0.04091861966193999,11,0,3,15
149.57516099620526,4864,-0.0717741391388399,0.20099709258467274,0.45778802261409113,10,0,3,11
148.591027950207,2092,0.4307799298795837,-0.5231864494661712,2.1956751884577725,7,1,1,6
148.92791287200959,1940,0.06358997558540902,1.15100714529424,0.26988989311408024,5,0,20,21
147.97512881922646,3051,0.1507230636601038,0.15996419771025305,2.1707077281816916,10,0,12,18
148.0180549452476,2139,-0.15823697545445795,-0.3913860463415177,1.0960186681332174,11,0,7,4
149.05104483294784,1661,0.4100031078503439,-0.9914640071909822,1.6410550848633738,19,0,24,3
148.83691373595016,9276,0.4138441906896101,0.42916922349287046,2.3041537100532192,7,2,3,4
150.0942949580251,3638,0.07414407871655426,0.21616729232146312,0.6419371647408512,16,0,21,7
150.2999930010008,429,0.028692128024214475,1.0118342914051885,0.46805261409098053,19,0,19,22
147.4198428429208,2430,-0.16856902189415404,1.2999714536680866,0.10623864930423785,9,0,23,9
149.1520421585544,2080,-0.04252758710991035,0.022476707108228938,1.246695751660471,9,0,6,19
148.2026909019133,3756,-0.221623405640255,0.03601065903658767,1.1614648115646014,15,0,4,2
149.06806370261629,2918,-0.3133082243032863,0.3884999641192025,-0.18108112305027255,21,1,7,8
149.75704152237034,1934,0.0017524975735077608,0.7219281252174634,0.6268859216796944,5,0,20,20
147.8346960716628,1708,-0.1597856632371981,1.2149528045566866,-0.10229544159559269,20,0,23,3
149.51985004443904,2904,0.05616727053659696,1.1659867589601933,0.043325122704397034,20,2,13,18
148.39429344054327,2439,-0.08809164905302744,1.3688688314513437,0.4434989965210782,22,0,22,14
148.1362052607738,6504,-0.22379398501535674,0.004319671853292961,0.7398906930292095,2,0,4,14
150.2387275402863,3237,0.04050264962688421,0.41836552195594323,0.5316594717759497,6,0,7,3
147.6938744656944,5911,-0.10384205372836094,0.8800097266624036,0.059469682054295814,10,0,20,2
146.25466924840845,11053,-0.19043981454761716,0.5018467037861646,-0.44053891884890906,17,0,18,15
147.16744968828948,3915,-0.12176772421065277,0.6022328188631033,0.4353459513982886,8,0,17,9
148.72024330601784,4390,-0.14301514622904432,0.38200117793801924,0.9584203339138104,20,-2,9,10
148.75259994283036,3140,0.01708504718155794,0.4381204783240791,0.3225478609932087,20,-2,10,10
150.55287602829782,5374,0.5741618447251665,0.6677355072431274,1.6918173131241956,15,0,8,11
148.0724404486467,1886,0.17196220181226077,-0.5914280843825078,1.0688928027084557,20,0,11,17
146.70508386751945,11649,-0.11883438488214339,1.3612630081409771,-0.23822585020085923,6,0,7,15
150.24611922283464,8357,0.6998054055596669,0.6097263731764082,1.8863652781451452,9,0,6,7
148.27724361090173,4362,0.1986865958637391,1.0979938440299946,1.034832709755947,21,0,17,14
148.3540555769907,3325,0.83648081543167,0.23132500000002665,2.7983952316617433,3,0,4,2
150.03513254856034,1810,0.0401513273936176,0.9733512825482216,0.1641836208995722,13,0,14,5
149.7560944028824,3949,-0.3167827692527083,0.3253466966624012,0.25246709844998505,14,1,15,16
149.4233817576069,2912,0.3097819106804741,0.027113870090299766,1.3727048636069186,13,0,8,10
148.00523842252107,352,-0.11895782772565275,0.08086142439366141,1.879389342796719,19,0,3,22
148.7974931448435,3788,-0.4592301252716098,0.019946682075054574,-0.22286235076043087,5,0,4,3
148.29271126731535,3078,0.8361360519867851,0.2070032261587979,2.812839573764393,15,0,6,13
147.53474291737527,5777,-0.25804228778958793,1.067387336023722,0.3161268684749849,17,0,24,10
148.9348194203106,2208,0.43573779947090724,-0.9722404343685416,1.8481788324053918,9,0,2,19
147.8209519374962,2394,0.3083275381599344,-0.8645398519612967,1.1207954411655676,2,0,6,2
146.38734759363703,1591,-0.35245658712283034,0.43814645641083855,0.127392885745554,6,0,7,22
150.2433999150557,3377,-0.11679826304628217,0.5278152317345268,0.10293525058747943,12,0,16,16
147.03918732577458,5546,-0.5715874523012745,-0.2820707061515896,0.3706647765431345,21,1,8,15
149.50022794765863,2432,-0.18881977646722653,1.075367015088595,0.6326060154496673,20,0,24,7
149.9329298700688,1853,0.038625726237966215,1.1294770585539156,0.4555827795443322,7,0,13,8
150.04745640796537,1668,-0.08706242193299915,0.14022398820863383,0.21441446638291523,15,0,3,10
149.4824696818309,3332,0.38442000296562073,0.6893674448979057,1.4722078026759247,9,0,15,1
150.41252053146877,1678,0.10688898147229997,0.1916077543779296,0.6779084980287732,15,0,7,11
150.46868112114993,4901,0.47839257735960566,0.7639035605523616,1.356312974710359,16,0,11,12
147.51558069392354,4454,-0.3430731570897779,1.4800170284764986,0.2627189346902226,13,0,21,2
149.01893258433253,1828,0.17631402674265853,0.0591042403673232,0.7953298277263492,11,0,11,8
147.8355103696333,2211,0.10105385673284206,-0.9588663571969112,1.3059535693971038,16,-4,5,12
148.66344902480776,7939,-0.13407669360147534,0.7827461857977603,0.38292132176883015,10,1,16,13
149.76384803833,430,0.0727406695953339,0.7288035512422876,1.0200144019556925,19,0,18,22
150.2955333902238,2708,0.21580916920047444,0.31604517705448565,1.1212461656530734,9,-1,7,20
147.36503691738793,5964,-0.07552097198915747,1.1513110656310308,0.16663770115694065,5,0,22,2
150.1485935474016,1706,-0.028458793350306565,0.9617083123789429,0.29162537605411676,16,0,18,3
148.4407125755591,3345,0.22896279881932796,-0.7537197494539074,1.1116111379732867,5,0,3,5
149.30022757561574,2242,0.09540011146497393,0.1986317293301819,1.199350522342128,14,0,10,1
149.53334138942836,2242,-0.036284083280655376,0.3860834199448954,0.9003030841390651,12,0,13,2
149.90261943549828,2785,-0.023448433191516984,0.9503919025911748,0.12706518117993876,1,-3,15,9
149.87719762440096,1928,-0.3028274866970502,0.7456892457723832,0.8729540669959628,4,0,23,7
150.16927666569399,3251,0.1917819976049256,0.8608515461382931,1.3891223473627001,4,0,6,3
148.91309395899862,4380,-0.10791057075874355,0.15375546657301742,1.0697545780277182,20,-2,7,11
150.29963035441003,3357,-0.06240863069087614,0.6661617851191546,0.26068662796555386,11,0,17,13
148.43080824471897,2394,0.23211068391582684,-1.0211157213402793,1.379142440995981,2,0,1,2
148.22293523640334,4935,0.1827204999211548,-0.3508950001563876,0.9759839346997752,14,-3,13,16
149.2175259200532,9313,0.4840235533720879,0.5484650685097179,1.7968122075641375,7,2,12,5
147.9360790456925,1597,-0.04749131657419936,-0.23516352021326323,1.2342057405349727,9,-1,4,4
149.46757166249986,2129,-0.1231691317911045,0.18896403321630462,0.48794776485359437,5,0,11,2
147.16571245437947,6589,-0.6457006076908234,0.32737596102243416,-0.05729507393358546,0,0,6,11
150.42849430794257,1927,0.14059813160503468,1.0144755852774539,0.5908333863018984,5,0,22,21
148.52122434024432,2080,0.5259080444130848,0.13849754357476696,3.0414321026177893,2,0,3,2
148.06407300315004,9413,0.11406051317702681,0.10708664938963781,1.5212044330843082,5,1,4,5
149.501263021909,1413,0.10692280227481006,-0.08398263263295258,0.7240645817439738,12,0,11,11
147.60728504559813,3051,0.14460966565684383,-0.07276992723470432,0.8432636344717046,6,0,10,2
148.0913781332378,5439,-0.11055912237979526,1.027300253536069,0.5017258551854773,6,1,20,12
150.04009669993965,2816,0.011658774847216523,0.7385355959927357,0.0217553839109548,1,-1,15,9
148.7102029664785,6201,0.3261283956205576,0.555539531117919,1.5013545031217912,0,0,13,12
150.41057419388127,1688,0.07973669426506227,0.4473023847331427,0.583458006970819,13,0,10,7
150.54072658674667,2348,-0.02193599039666233,0.43975686721917767,0.4572927402156309,13,0,12,13
150.0180397542849,3980,-0.32868111902084163,0.35526042643474975,0.08720073132138828,9,1,15,15
146.33903153113454,10834,-0.018947135307688268,0.7689118396808713,-0.6288416516170632,20,0,21,15
150.49025930915477,461,-0.02594467955304966,0.6898420673969221,0.385063404246403,19,0,18,22
149.6229108087294,2535,-0.2887984446330079,0.1205579635264643,-0.1995941978474387,12,0,3,10
150.59727501587665,2346,0.10476573461523774,0.470005510517599,0.4987418864008357,10,0,13,17
149.4322511341955,1338,-0.18368620326137283,0.1641146351038314,0.5669811202238113,10,0,7,12
147.49512545741646,5651,-0.39167505810277603,0.6762310814305371,0.43925597622068635,22,0,20,16
147.67837967511647,1707,-0.17001219473720208,1.2241294702582375,-0.09827950720371653,19,0,24,3
150.06041790121984,8195,0.4649341674410787,0.5435297259326104,1.4779644272651151,7,0,9,9
148.43974932698544,5434,0.0023608496802851597,0.974092697975886,0.7041353981844718,7,1,18,12
147.8789857714832,2400,0.24970816644578941,-0.42605476688222677,0.8808052357418718,5,0,13,2
149.33206855334674,1402,-0.0037914258530808015,0.3539783311692407,0.9541168886809502,4,0,10,12
148.97322752625595,1600,0.5205297191884948,-0.24767466560262363,1.7826223994120485,6,-1,9,5
146.58659779708708,11364,-0.4865505223297951,-0.06588463358089869,0.0791483731571,9,0,11,14
149.97849226100232,417,-0.21835600142489106,0.9332452895371572,0.6496153263207816,19,-1,6,22
148.23230004740748,5878,-0.3126961025290231,0.07864508025869305,0.997237086133448,2,0,5,13
148.8545698295278,3144,0.0887744694000555,0.6624997472329035,0.43917210857601574,17,-1,13,14
148.23278052726423,6434,0.24110120665917734,0.06906378386496004,1.631225197107869,4,0,4,14
147.3116638971773,4531,-0.11291544855451391,1.3453376202596237,0.19448496632919482,12,0,22,4
150.37246420947474,3268,0.18542335408050398,0.9130517673322258,1.175137946478813,7,0,12,9
147.21822816828038,2598,-0.6555180206521788,-0.2783095219522092,0.3534217176848693,12,0,2,13
149.82922640891778,6739,0.4836827654264998,0.29194485095405526,1.7772177215184468,3,0,7,14
148.99767938383914,354,-0.0424259024912712,1.237310928216084,0.4020032432170594,19,0,17,22
148.22093303908795,5438,-0.02599934420325453,0.1635141051223571,1.9168824754066016,9,-3,5,17
150.1531485667348,1918,0.07078070742752644,1.0535590738877625,0.35314261890291987,5,0,17,22
149.75503471673667,2272,0.04871094785298792,0.9238668104878973,0.34562116225738954,10,0,25,17
148.13402422897508,7561,-0.3364830018434198,0.7680377542775205,0.1048067556117105,3,0,21,14
148.28842351456626,2403,0.17372534313533985,1.3110808872814481,0.8468950919380321,2,0,16,3
148.0682843811673,3452,0.18649103956956747,0.6072236141251636,2.04850100232141,9,0,9,8
147.74092810324063,5469,-0.09049061773435763,0.2818348408795371,1.7444902331354613,9,-2,7,16
149.29675251057063,2241,0.06598503842838466,0.21036225877854722,1.1614215618643322,14,0,10,1
148.59495389906613,363,-0.11649856240443131,0.3497060973794138,1.4163068505531995,19,0,6,22
149.8097034680609,2909,0.13522434196320432,0.9013613749598127,0.25656513642264284,22,2,11,17
148.97037887835614,1935,0.3831396627965219,-1.092987282267631,1.7989570923445035,12,0,25,10
149.2212953479451,7632,-0.32998327761141516,0.40018619956285956,0.09336638481037707,0,0,18,15
148.00524529488104,2243,-0.23560744158878655,1.0739094745072337,0.4570883748750475,10,0,25,18
150.14408697883215,2733,-0.004877838636231542,0.20796529023317772,0.4747786005719143,2,0,19,10
149.1608008766814,3982,0.09789460482540935,0.3433706058959105,0.06120506651196855,7,0,22,5
149.86352810093777,1711,-0.07442434248824169,1.0844424465055613,0.11092822017598464,19,-1,17,3
150.2960665168807,3356,0.002867535134537469,0.7858777281211683,0.33250743770014984,13,0,18,5
148.87289885873355,2281,0.016132410422838202,0.9427663612132681,0.3627496151150454,12,0,24,12
147.87959492257096,1894,-0.3785352351024238,-0.45478163845491276,0.7586084512993463,15,0,7,19
149.67188609895072,1996,-0.2623160466654766,0.9524510036396249,0.821380513631282,9,0,3,18
146.88661100166829,2990,-0.5012254008526041,-0.36470911659795857,0.77822805647488,19,0,4,13
149.38686610015634,3341,0.14455921469960042,0.1602941632996323,0.816285809981611,10,0,14,3
149.8985703578435,1933,0.03167963922863379,0.7754259434887415,0.6322484010504873,5,0,21,20
146.61323989116488,1591,-0.4602079544787687,0.052135622036644735,0.39590860438959014,9,0,4,13
148.26614356786413,2209,0.18280912534723387,-0.6049173047431198,1.3736213225317258,17,-4,6,9
149.6895263288881,4055,-0.07824416154364991,0.20857631333599536,1.063376574516282,1,0,7,9
150.09148412460598,3235,0.1166808904616859,1.0049371128551339,0.16766340860776005,11,0,22,10
148.6861539596664,5087,1.0412084525508822,0.2523352421450408,2.776568286821825,2,1,4,9
148.55440222646988,4955,0.3882864473304963,-0.30866354028169796,1.4341922897678736,12,-3,9,14
148.46684429144025,2636,-0.05631922652270899,-0.014320621975335901,1.310406773984315,11,0,5,14
148.992839919699,3406,0.21847634575566832,0.26269606657210165,2.038178191337874,6,0,7,9
147.5994226741181,2200,0.05350040554067469,0.9886100375056155,0.4222749019685085,12,0,16,16
150.26882588561853,4153,-0.05115978600881907,0.5355617824080885,0.20277124718317946,21,2,16,13
148.79114243616024,2692,0.7171925841762445,0.2030103198502738,2.975044449184943,9,-1,5,16
148.47822963826053,3759,-0.23558519660022903,0.047452675905024576,0.8701924035343735,15,0,4,3
146.86237778375178,2601,-0.43135304218882453,-0.31358202996504514,0.6573434830022481,12,0,0,9
147.4123251005447,5935,-0.13448013375510212,1.02004704938122,0.006008927719919038,7,0,22,1
147.88358309087133,3139,0.257435009681618,-0.5480084698672516,1.1512857494195048,21,0,7,15
147.55964415950083,7850,-0.3209054880679579,0.6443199664367609,0.39824504836030195,16,2,11,12
150.4351722447429,1698,0.028556031350989608,0.758627734871081,0.5046082436237825,13,0,18,4
147.3555195658247,3751,-0.3377409151186987,1.0410940729097855,-0.012946305115405767,1,0,23,8
149.4621909452511,3096,0.49742927245745866,0.6173586450576185,1.5110794388170434,14,0,12,14
147.58245739498867,5482,-0.3324639921132771,0.5939631914208632,0.7658738417438549,6,1,15,10
147.13888124498428,3124,-0.35871006884927265,1.1987485075633473,0.18907509221915014,20,0,15,3
148.31837883348157,5436,-0.036979810458515616,0.9926299002255978,0.6336170930990204,7,1,19,12
148.05001120583725,1865,0.06862201993230117,1.4157791936205262,0.6967314359605755,22,0,19,19
149.71021747094954,2204,0.2883388918888645,0.38360857296797957,1.5753083028370276,14,0,6,4
149.95244349590635,2798,-0.009891823247870989,0.8782277782988687,0.07866991580704158,1,-3,15,9
150.71172465010412,2515,0.02550518884098183,0.7086400414195564,0.6628494890223751,12,0,19,16
148.14870922605232,4409,-0.47122848818200214,-0.08088256147790349,0.7312821235802973,13,0,8,8
149.48840593746152,3315,0.37538269194647234,0.17804690244873667,1.3958711888609192,12,0,12,13
148.97521390556406,1101,0.5274554274708974,0.10342654915495345,2.5976696471835314,13,0,6,20
147.68399497644435,9612,-0.7188094258466229,-0.06290511140381044,-0.3018678177718547,2,-2,4,13
149.17932774133288,489,-0.08293737021045877,0.046654893827745125,1.1063219814798884,12,-1,3,21
150.4623664535233,1375,0.05690140715503028,0.589845746772962,0.21024994353053675,4,0,16,7
149.86975862628586,4773,-0.010650357576053246,0.6133650025270854,0.007380702809855533,18,0,18,11
149.50673751016475,2259,0.5714499840212902,0.09032767751066684,1.735084120157086,12,0,11,4
148.13656929319865,2922,-0.1760929072296668,5.757268774916283e-05,1.5621139989755692,6,0,5,6
147.47708238350205,1950,-0.024744616702722128,1.2865091931984203,-0.084977560842177,5,0,18,21
147.08794070882985,1951,-0.5202587927886366,-0.15541827966892777,0.5226675815071478,9,0,9,18
148.80583507184917,4386,-0.1254116970905842,0.29098252300571137,1.0069052683641873,20,-2,8,10
150.5187434864429,2349,-0.048241465341651746,0.42964948317201995,0.4496704415040145,14,0,11,12
146.69031979135198,11479,-0.5570989846763867,-0.1537473783734422,0.22435460427215503,7,0,8,14
148.03560044699572,1808,0.2855157710839628,-0.665008782078846,1.060461316651304,17,0,11,10
149.26517718766235,8890,0.7200345631247729,0.3933296280431636,2.4152171762455765,8,1,4,3
147.52478890601577,5583,0.0017179030810140494,-0.56290435317628,0.6141965686672264,11,2,7,14
148.2570563500129,1818,0.21028741715342014,-0.5217528901669984,1.149060114770375,14,0,9,14
150.42254052193204,1676,0.09992319753608926,0.19370013634872574,0.6905886113362244,16,0,9,12
148.07805816690086,4361,0.14187810782822008,1.2879281567237288,0.8611399176893302,21,0,18,15
149.25421362917402,2705,0.4576014684886453,0.18371302605558834,2.098139957299412,6,-1,11,14
147.3087359610806,2406,0.13590378044541765,0.02691789511108833,0.5582591661719225,2,0,16,3
150.01174089436725,2802,0.009371832090664271,0.9357765413556994,0.352576666504364,6,-2,20,13
147.63105861010902,3755,-0.009894336384784708,-0.5259960559780849,0.8434640802209354,17,-1,6,8
148.37710094475673,4369,0.0023845114927920907,0.8559544321785358,0.8776166132827163,21,-1,13,14
149.20974580277425,2706,0.5594640917316586,0.2702038204716678,2.4439488028146954,7,-1,7,15
148.35246229199916,6128,0.24442657326112655,0.9189405802231178,1.1484759856339364,0,1,16,11
